time;C:\Users\hoch0001\Documents\_code\pcrglobwb_utils\examples\example_data\DUMMY_discharge_dailyTot_output.nc;C:\Users\hoch0001\Documents\_code\pcrglobwb_utils\examples\example_data\DUMMY_discharge_dailyTot_output.nc;C:\Users\hoch0001\Documents\_code\pcrglobwb_utils\examples\example_data\DUMMY_discharge_dailyTot_output.nc
1985-01-01;50378.406;50378.406;50378.406
1985-01-02;80150.67;80150.67;80150.67
1985-01-03;95131.805;95131.805;95131.805
1985-01-04;106136.96;106136.96;106136.96
1985-01-05;107144.25;107144.25;107144.25
1985-01-06;109528.13;109528.13;109528.13
1985-01-07;112266.34;112266.34;112266.34
1985-01-08;115508.56;115508.56;115508.56
1985-01-09;118586.04;118586.04;118586.04
1985-01-10;120780.875;120780.875;120780.875
1985-01-11;122867.08;122867.08;122867.08
1985-01-12;124632.75;124632.75;124632.75
1985-01-13;126171.555;126171.555;126171.555
1985-01-14;128367.27;128367.27;128367.27
1985-01-15;130843.71;130843.71;130843.71
1985-01-16;133297.98;133297.98;133297.98
1985-01-17;135401.25;135401.25;135401.25
1985-01-18;136780.73;136780.73;136780.73
1985-01-19;137554.53;137554.53;137554.53
1985-01-20;137962.53;137962.53;137962.53
1985-01-21;138150.06;138150.06;138150.06
1985-01-22;138614.08;138614.08;138614.08
1985-01-23;139434.12;139434.12;139434.12
1985-01-24;140405.66;140405.66;140405.66
1985-01-25;141296.97;141296.97;141296.97
1985-01-26;142074.8;142074.8;142074.8
1985-01-27;142791.89;142791.89;142791.89
1985-01-28;143484.8;143484.8;143484.8
1985-01-29;144193.3;144193.3;144193.3
1985-01-30;144910.11;144910.11;144910.11
1985-01-31;145596.42;145596.42;145596.42
1985-02-01;146212.27;146212.27;146212.27
1985-02-02;147144.9;147144.9;147144.9
1985-02-03;148877.92;148877.92;148877.92
1985-02-04;150931.4;150931.4;150931.4
1985-02-05;153370.28;153370.28;153370.28
1985-02-06;155729.0;155729.0;155729.0
1985-02-07;159088.83;159088.83;159088.83
1985-02-08;163552.02;163552.02;163552.02
1985-02-09;168954.5;168954.5;168954.5
1985-02-10;170752.36;170752.36;170752.36
1985-02-11;167535.2;167535.2;167535.2
1985-02-12;164822.69;164822.69;164822.69
1985-02-13;162616.6;162616.6;162616.6
1985-02-14;160851.9;160851.9;160851.9
1985-02-15;159814.81;159814.81;159814.81
1985-02-16;159443.36;159443.36;159443.36
1985-02-17;158913.08;158913.08;158913.08
1985-02-18;158360.31;158360.31;158360.31
1985-02-19;157941.78;157941.78;157941.78
1985-02-20;157290.67;157290.67;157290.67
1985-02-21;157118.58;157118.58;157118.58
1985-02-22;157422.44;157422.44;157422.44
1985-02-23;157928.67;157928.67;157928.67
1985-02-24;157429.38;157429.38;157429.38
1985-02-25;157401.05;157401.05;157401.05
1985-02-26;158193.7;158193.7;158193.7
1985-02-27;157971.47;157971.47;157971.47
1985-02-28;158196.47;158196.47;158196.47
1985-03-01;158010.9;158010.9;158010.9
1985-03-02;156522.3;156522.3;156522.3
1985-03-03;155740.02;155740.02;155740.02
1985-03-04;156086.8;156086.8;156086.8
1985-03-05;156978.75;156978.75;156978.75
1985-03-06;157488.38;157488.38;157488.38
1985-03-07;157757.28;157757.28;157757.28
1985-03-08;158418.78;158418.78;158418.78
1985-03-09;159382.05;159382.05;159382.05
1985-03-10;160530.92;160530.92;160530.92
1985-03-11;161917.33;161917.33;161917.33
1985-03-12;163265.11;163265.11;163265.11
1985-03-13;163797.47;163797.47;163797.47
1985-03-14;163901.58;163901.58;163901.58
1985-03-15;163913.0;163913.0;163913.0
1985-03-16;163695.0;163695.0;163695.0
1985-03-17;163321.36;163321.36;163321.36
1985-03-18;162904.52;162904.52;162904.52
1985-03-19;162616.27;162616.27;162616.27
1985-03-20;162529.8;162529.8;162529.8
1985-03-21;162618.62;162618.62;162618.62
1985-03-22;162893.36;162893.36;162893.36
1985-03-23;163570.56;163570.56;163570.56
1985-03-24;164216.27;164216.27;164216.27
1985-03-25;165031.53;165031.53;165031.53
1985-03-26;166271.17;166271.17;166271.17
1985-03-27;167360.02;167360.02;167360.02
1985-03-28;168488.72;168488.72;168488.72
1985-03-29;169441.55;169441.55;169441.55
1985-03-30;170409.02;170409.02;170409.02
1985-03-31;171935.88;171935.88;171935.88
1985-04-01;173390.33;173390.33;173390.33
1985-04-02;174107.73;174107.73;174107.73
1985-04-03;174629.44;174629.44;174629.44
1985-04-04;173990.42;173990.42;173990.42
1985-04-05;172796.06;172796.06;172796.06
1985-04-06;171724.97;171724.97;171724.97
1985-04-07;170742.78;170742.78;170742.78
1985-04-08;169817.19;169817.19;169817.19
1985-04-09;169048.72;169048.72;169048.72
1985-04-10;168316.25;168316.25;168316.25
1985-04-11;167694.94;167694.94;167694.94
1985-04-12;167244.17;167244.17;167244.17
1985-04-13;166980.23;166980.23;166980.23
1985-04-14;166771.4;166771.4;166771.4
1985-04-15;166589.97;166589.97;166589.97
1985-04-16;166524.98;166524.98;166524.98
1985-04-17;166472.1;166472.1;166472.1
1985-04-18;166426.45;166426.45;166426.45
1985-04-19;166418.53;166418.53;166418.53
1985-04-20;166270.66;166270.66;166270.66
1985-04-21;166317.31;166317.31;166317.31
1985-04-22;166231.23;166231.23;166231.23
1985-04-23;166005.2;166005.2;166005.2
1985-04-24;165794.86;165794.86;165794.86
1985-04-25;165959.48;165959.48;165959.48
1985-04-26;166287.95;166287.95;166287.95
1985-04-27;167008.44;167008.44;167008.44
1985-04-28;167286.83;167286.83;167286.83
1985-04-29;166811.06;166811.06;166811.06
1985-04-30;166082.55;166082.55;166082.55
1985-05-01;165371.2;165371.2;165371.2
1985-05-02;165327.28;165327.28;165327.28
1985-05-03;165644.64;165644.64;165644.64
1985-05-04;166317.61;166317.61;166317.61
1985-05-05;167448.45;167448.45;167448.45
1985-05-06;168651.31;168651.31;168651.31
1985-05-07;169329.33;169329.33;169329.33
1985-05-08;169363.84;169363.84;169363.84
1985-05-09;169107.45;169107.45;169107.45
1985-05-10;168777.34;168777.34;168777.34
1985-05-11;168304.27;168304.27;168304.27
1985-05-12;167906.92;167906.92;167906.92
1985-05-13;167683.36;167683.36;167683.36
1985-05-14;167324.39;167324.39;167324.39
1985-05-15;166807.62;166807.62;166807.62
1985-05-16;166180.5;166180.5;166180.5
1985-05-17;165412.95;165412.95;165412.95
1985-05-18;164950.06;164950.06;164950.06
1985-05-19;164804.1;164804.1;164804.1
1985-05-20;164668.14;164668.14;164668.14
1985-05-21;164461.62;164461.62;164461.62
1985-05-22;164201.83;164201.83;164201.83
1985-05-23;163870.77;163870.77;163870.77
1985-05-24;163310.88;163310.88;163310.88
1985-05-25;162238.34;162238.34;162238.34
1985-05-26;161251.27;161251.27;161251.27
1985-05-27;160499.66;160499.66;160499.66
1985-05-28;159951.05;159951.05;159951.05
1985-05-29;159559.28;159559.28;159559.28
1985-05-30;159315.44;159315.44;159315.44
1985-05-31;159320.06;159320.06;159320.06
1985-06-01;159471.05;159471.05;159471.05
1985-06-02;159538.47;159538.47;159538.47
1985-06-03;159490.03;159490.03;159490.03
1985-06-04;159314.27;159314.27;159314.27
1985-06-05;159017.69;159017.69;159017.69
1985-06-06;158649.84;158649.84;158649.84
1985-06-07;158259.27;158259.27;158259.27
1985-06-08;157874.95;157874.95;157874.95
1985-06-09;157509.98;157509.98;157509.98
1985-06-10;157163.97;157163.97;157163.97
1985-06-11;156831.95;156831.95;156831.95
1985-06-12;156536.56;156536.56;156536.56
1985-06-13;156380.31;156380.31;156380.31
1985-06-14;156560.08;156560.08;156560.08
1985-06-15;157203.8;157203.8;157203.8
1985-06-16;158029.11;158029.11;158029.11
1985-06-17;158830.14;158830.14;158830.14
1985-06-18;159561.84;159561.84;159561.84
1985-06-19;160192.81;160192.81;160192.81
1985-06-20;160699.56;160699.56;160699.56
1985-06-21;161042.58;161042.58;161042.58
1985-06-22;161182.05;161182.05;161182.05
1985-06-23;161142.4;161142.4;161142.4
1985-06-24;160968.66;160968.66;160968.66
1985-06-25;160451.69;160451.69;160451.69
1985-06-26;159012.73;159012.73;159012.73
1985-06-27;157367.27;157367.27;157367.27
1985-06-28;155821.38;155821.38;155821.38
1985-06-29;154416.81;154416.81;154416.81
1985-06-30;153158.58;153158.58;153158.58
1985-07-01;152018.61;152018.61;152018.61
1985-07-02;150973.83;150973.83;150973.83
1985-07-03;150016.67;150016.67;150016.67
1985-07-04;149142.4;149142.4;149142.4
1985-07-05;148333.11;148333.11;148333.11
1985-07-06;147604.67;147604.67;147604.67
1985-07-07;146206.45;146206.45;146206.45
1985-07-08;143366.06;143366.06;143366.06
1985-07-09;142833.62;142833.62;142833.62
1985-07-10;142278.75;142278.75;142278.75
1985-07-11;142081.34;142081.34;142081.34
1985-07-12;141964.56;141964.56;141964.56
1985-07-13;140927.62;140927.62;140927.62
1985-07-14;139623.22;139623.22;139623.22
1985-07-15;138100.38;138100.38;138100.38
1985-07-16;137005.05;137005.05;137005.05
1985-07-17;136171.17;136171.17;136171.17
1985-07-18;135283.97;135283.97;135283.97
1985-07-19;134450.23;134450.23;134450.23
1985-07-20;133919.95;133919.95;133919.95
1985-07-21;133215.83;133215.83;133215.83
1985-07-22;132443.4;132443.4;132443.4
1985-07-23;131724.69;131724.69;131724.69
1985-07-24;130749.25;130749.25;130749.25
1985-07-25;129838.91;129838.91;129838.91
1985-07-26;129243.12;129243.12;129243.12
1985-07-27;128693.484;128693.484;128693.484
1985-07-28;128379.64;128379.64;128379.64
1985-07-29;128250.66;128250.66;128250.66
1985-07-30;128145.81;128145.81;128145.81
1985-07-31;128019.94;128019.94;128019.94
1985-08-01;127842.59;127842.59;127842.59
1985-08-02;127554.32;127554.32;127554.32
1985-08-03;127154.98;127154.98;127154.98
1985-08-04;126719.086;126719.086;126719.086
1985-08-05;126406.15;126406.15;126406.15
1985-08-06;126216.37;126216.37;126216.37
1985-08-07;125772.73;125772.73;125772.73
1985-08-08;125183.82;125183.82;125183.82
1985-08-09;124735.33;124735.33;124735.33
1985-08-10;124519.87;124519.87;124519.87
1985-08-11;124430.81;124430.81;124430.81
1985-08-12;124472.26;124472.26;124472.26
1985-08-13;124541.95;124541.95;124541.95
1985-08-14;124489.74;124489.74;124489.74
1985-08-15;124416.05;124416.05;124416.05
1985-08-16;124241.29;124241.29;124241.29
1985-08-17;123839.25;123839.25;123839.25
1985-08-18;123345.92;123345.92;123345.92
1985-08-19;122943.984;122943.984;122943.984
1985-08-20;122684.45;122684.45;122684.45
1985-08-21;122399.42;122399.42;122399.42
1985-08-22;122171.875;122171.875;122171.875
1985-08-23;122186.29;122186.29;122186.29
1985-08-24;121724.195;121724.195;121724.195
1985-08-25;121134.08;121134.08;121134.08
1985-08-26;121208.625;121208.625;121208.625
1985-08-27;120690.61;120690.61;120690.61
1985-08-28;120039.59;120039.59;120039.59
1985-08-29;119859.5;119859.5;119859.5
1985-08-30;119615.66;119615.66;119615.66
1985-08-31;119159.77;119159.77;119159.77
1985-09-01;118541.78;118541.78;118541.78
1985-09-02;117772.36;117772.36;117772.36
1985-09-03;116931.37;116931.37;116931.37
1985-09-04;116141.98;116141.98;116141.98
1985-09-05;115526.12;115526.12;115526.12
1985-09-06;115137.586;115137.586;115137.586
1985-09-07;114880.07;114880.07;114880.07
1985-09-08;114557.38;114557.38;114557.38
1985-09-09;114187.1;114187.1;114187.1
1985-09-10;113822.02;113822.02;113822.02
1985-09-11;113173.27;113173.27;113173.27
1985-09-12;112306.39;112306.39;112306.39
1985-09-13;111690.56;111690.56;111690.56
1985-09-14;111231.63;111231.63;111231.63
1985-09-15;110827.414;110827.414;110827.414
1985-09-16;110396.11;110396.11;110396.11
1985-09-17;109920.016;109920.016;109920.016
1985-09-18;109451.164;109451.164;109451.164
1985-09-19;108998.44;108998.44;108998.44
1985-09-20;108518.234;108518.234;108518.234
1985-09-21;107980.13;107980.13;107980.13
1985-09-22;107442.64;107442.64;107442.64
1985-09-23;106948.38;106948.38;106948.38
1985-09-24;106523.89;106523.89;106523.89
1985-09-25;106180.11;106180.11;106180.11
1985-09-26;105942.01;105942.01;105942.01
1985-09-27;105810.89;105810.89;105810.89
1985-09-28;105788.68;105788.68;105788.68
1985-09-29;105772.375;105772.375;105772.375
1985-09-30;105758.945;105758.945;105758.945
1985-10-01;105874.43;105874.43;105874.43
1985-10-02;106132.1;106132.1;106132.1
1985-10-03;106106.445;106106.445;106106.445
1985-10-04;105855.11;105855.11;105855.11
1985-10-05;105551.29;105551.29;105551.29
1985-10-06;105440.57;105440.57;105440.57
1985-10-07;105626.2;105626.2;105626.2
1985-10-08;106131.94;106131.94;106131.94
1985-10-09;106977.65;106977.65;106977.65
1985-10-10;108067.125;108067.125;108067.125
1985-10-11;109166.836;109166.836;109166.836
1985-10-12;110086.34;110086.34;110086.34
1985-10-13;110639.836;110639.836;110639.836
1985-10-14;110958.445;110958.445;110958.445
1985-10-15;111264.945;111264.945;111264.945
1985-10-16;111790.805;111790.805;111790.805
1985-10-17;112284.234;112284.234;112284.234
1985-10-18;112789.36;112789.36;112789.36
1985-10-19;113080.48;113080.48;113080.48
1985-10-20;113142.86;113142.86;113142.86
1985-10-21;113144.75;113144.75;113144.75
1985-10-22;113145.01;113145.01;113145.01
1985-10-23;113151.336;113151.336;113151.336
1985-10-24;113178.94;113178.94;113178.94
1985-10-25;113238.17;113238.17;113238.17
1985-10-26;113335.01;113335.01;113335.01
1985-10-27;113479.055;113479.055;113479.055
1985-10-28;113890.2;113890.2;113890.2
1985-10-29;114832.28;114832.28;114832.28
1985-10-30;116042.84;116042.84;116042.84
1985-10-31;117317.55;117317.55;117317.55
1985-11-01;118473.305;118473.305;118473.305
1985-11-02;119378.39;119378.39;119378.39
1985-11-03;119944.484;119944.484;119944.484
1985-11-04;120148.125;120148.125;120148.125
1985-11-05;120038.12;120038.12;120038.12
1985-11-06;119693.31;119693.31;119693.31
1985-11-07;119224.28;119224.28;119224.28
1985-11-08;118744.21;118744.21;118744.21
1985-11-09;118298.64;118298.64;118298.64
1985-11-10;117941.3;117941.3;117941.3
1985-11-11;117732.125;117732.125;117732.125
1985-11-12;117658.32;117658.32;117658.32
1985-11-13;117724.4;117724.4;117724.4
1985-11-14;117889.78;117889.78;117889.78
1985-11-15;118162.836;118162.836;118162.836
1985-11-16;118575.055;118575.055;118575.055
1985-11-17;119078.81;119078.81;119078.81
1985-11-18;119695.38;119695.38;119695.38
1985-11-19;120423.48;120423.48;120423.48
1985-11-20;121188.75;121188.75;121188.75
1985-11-21;122069.24;122069.24;122069.24
1985-11-22;123123.85;123123.85;123123.85
1985-11-23;124449.01;124449.01;124449.01
1985-11-24;126060.8;126060.8;126060.8
1985-11-25;130662.01;130662.01;130662.01
1985-11-26;133846.66;133846.66;133846.66
1985-11-27;134106.34;134106.34;134106.34
1985-11-28;133595.86;133595.86;133595.86
1985-11-29;132750.3;132750.3;132750.3
1985-11-30;131991.64;131991.64;131991.64
1985-12-01;131602.42;131602.42;131602.42
1985-12-02;131482.75;131482.75;131482.75
1985-12-03;131731.11;131731.11;131731.11
1985-12-04;132099.31;132099.31;132099.31
1985-12-05;132861.17;132861.17;132861.17
1985-12-06;133700.73;133700.73;133700.73
1985-12-07;135379.8;135379.8;135379.8
1985-12-08;136958.36;136958.36;136958.36
1985-12-09;137905.06;137905.06;137905.06
1985-12-10;138906.69;138906.69;138906.69
1985-12-11;139321.36;139321.36;139321.36
1985-12-12;139585.69;139585.69;139585.69
1985-12-13;139589.11;139589.11;139589.11
1985-12-14;139112.02;139112.02;139112.02
1985-12-15;138735.6;138735.6;138735.6
1985-12-16;138196.89;138196.89;138196.89
1985-12-17;137548.25;137548.25;137548.25
1985-12-18;137270.33;137270.33;137270.33
1985-12-19;136917.11;136917.11;136917.11
1985-12-20;136669.72;136669.72;136669.72
1985-12-21;138228.66;138228.66;138228.66
1985-12-22;138670.81;138670.81;138670.81
1985-12-23;138438.39;138438.39;138438.39
1985-12-24;138806.14;138806.14;138806.14
1985-12-25;139278.03;139278.03;139278.03
1985-12-26;139954.8;139954.8;139954.8
1985-12-27;140969.52;140969.52;140969.52
1985-12-28;141508.14;141508.14;141508.14
1985-12-29;141879.19;141879.19;141879.19
1985-12-30;142710.28;142710.28;142710.28
1985-12-31;144026.88;144026.88;144026.88
1986-01-01;145564.2;145564.2;145564.2
1986-01-02;147565.06;147565.06;147565.06
1986-01-03;150441.81;150441.81;150441.81
1986-01-04;153542.34;153542.34;153542.34
1986-01-05;155837.88;155837.88;155837.88
1986-01-06;156927.55;156927.55;156927.55
1986-01-07;157399.67;157399.67;157399.67
1986-01-08;157849.6;157849.6;157849.6
1986-01-09;158295.39;158295.39;158295.39
1986-01-10;158731.2;158731.2;158731.2
1986-01-11;158851.7;158851.7;158851.7
1986-01-12;158635.27;158635.27;158635.27
1986-01-13;158786.81;158786.81;158786.81
1986-01-14;159796.97;159796.97;159796.97
1986-01-15;160748.98;160748.98;160748.98
1986-01-16;161326.28;161326.28;161326.28
1986-01-17;161622.83;161622.83;161622.83
1986-01-18;162036.52;162036.52;162036.52
1986-01-19;162761.12;162761.12;162761.12
1986-01-20;163562.52;163562.52;163562.52
1986-01-21;165926.61;165926.61;165926.61
1986-01-22;168483.52;168483.52;168483.52
1986-01-23;169284.23;169284.23;169284.23
1986-01-24;169589.69;169589.69;169589.69
1986-01-25;170529.19;170529.19;170529.19
1986-01-26;172410.56;172410.56;172410.56
1986-01-27;175259.47;175259.47;175259.47
1986-01-28;178562.33;178562.33;178562.33
1986-01-29;180732.3;180732.3;180732.3
1986-01-30;181593.34;181593.34;181593.34
1986-01-31;181758.69;181758.69;181758.69
1986-02-01;181868.05;181868.05;181868.05
1986-02-02;182397.08;182397.08;182397.08
1986-02-03;183151.03;183151.03;183151.03
1986-02-04;183919.12;183919.12;183919.12
1986-02-05;184360.8;184360.8;184360.8
1986-02-06;184385.14;184385.14;184385.14
1986-02-07;184229.38;184229.38;184229.38
1986-02-08;184808.22;184808.22;184808.22
1986-02-09;187853.33;187853.33;187853.33
1986-02-10;194603.9;194603.9;194603.9
1986-02-11;201902.45;201902.45;201902.45
1986-02-12;206148.4;206148.4;206148.4
1986-02-13;206492.44;206492.44;206492.44
1986-02-14;204836.14;204836.14;204836.14
1986-02-15;202857.31;202857.31;202857.31
1986-02-16;201164.92;201164.92;201164.92
1986-02-17;200014.03;200014.03;200014.03
1986-02-18;199206.2;199206.2;199206.2
1986-02-19;198530.48;198530.48;198530.48
1986-02-20;198113.34;198113.34;198113.34
1986-02-21;197925.52;197925.52;197925.52
1986-02-22;197789.75;197789.75;197789.75
1986-02-23;197886.8;197886.8;197886.8
1986-02-24;198093.22;198093.22;198093.22
1986-02-25;198800.69;198800.69;198800.69
1986-02-26;199722.67;199722.67;199722.67
1986-02-27;200465.75;200465.75;200465.75
1986-02-28;201271.58;201271.58;201271.58
1986-03-01;203174.14;203174.14;203174.14
1986-03-02;206779.11;206779.11;206779.11
1986-03-03;209670.1;209670.1;209670.1
1986-03-04;211889.78;211889.78;211889.78
1986-03-05;214273.05;214273.05;214273.05
1986-03-06;216364.0;216364.0;216364.0
1986-03-07;217897.53;217897.53;217897.53
1986-03-08;219530.22;219530.22;219530.22
1986-03-09;218962.77;218962.77;218962.77
1986-03-10;217195.42;217195.42;217195.42
1986-03-11;215560.56;215560.56;215560.56
1986-03-12;214130.7;214130.7;214130.7
1986-03-13;213207.34;213207.34;213207.34
1986-03-14;213436.02;213436.02;213436.02
1986-03-15;214130.98;214130.98;214130.98
1986-03-16;214429.03;214429.03;214429.03
1986-03-17;214700.73;214700.73;214700.73
1986-03-18;214847.92;214847.92;214847.92
1986-03-19;215060.27;215060.27;215060.27
1986-03-20;215982.86;215982.86;215982.86
1986-03-21;217697.8;217697.8;217697.8
1986-03-22;219606.33;219606.33;219606.33
1986-03-23;221843.67;221843.67;221843.67
1986-03-24;223191.97;223191.97;223191.97
1986-03-25;223746.38;223746.38;223746.38
1986-03-26;224200.27;224200.27;224200.27
1986-03-27;224970.55;224970.55;224970.55
1986-03-28;225295.81;225295.81;225295.81
1986-03-29;225036.16;225036.16;225036.16
1986-03-30;224975.4;224975.4;224975.4
1986-03-31;225402.73;225402.73;225402.73
1986-04-01;225985.02;225985.02;225985.02
1986-04-02;226423.83;226423.83;226423.83
1986-04-03;226841.94;226841.94;226841.94
1986-04-04;227149.17;227149.17;227149.17
1986-04-05;227412.86;227412.86;227412.86
1986-04-06;227666.39;227666.39;227666.39
1986-04-07;227883.27;227883.27;227883.27
1986-04-08;228026.77;228026.77;228026.77
1986-04-09;227884.98;227884.98;227884.98
1986-04-10;227579.02;227579.02;227579.02
1986-04-11;227401.22;227401.22;227401.22
1986-04-12;227250.94;227250.94;227250.94
1986-04-13;226838.19;226838.19;226838.19
1986-04-14;226009.2;226009.2;226009.2
1986-04-15;225069.17;225069.17;225069.17
1986-04-16;224531.77;224531.77;224531.77
1986-04-17;223580.97;223580.97;223580.97
1986-04-18;222705.56;222705.56;222705.56
1986-04-19;222165.67;222165.67;222165.67
1986-04-20;221734.1;221734.1;221734.1
1986-04-21;221121.0;221121.0;221121.0
1986-04-22;220250.45;220250.45;220250.45
1986-04-23;219311.73;219311.73;219311.73
1986-04-24;218313.55;218313.55;218313.55
1986-04-25;217356.05;217356.05;217356.05
1986-04-26;216545.42;216545.42;216545.42
1986-04-27;215849.64;215849.64;215849.64
1986-04-28;215332.67;215332.67;215332.67
1986-04-29;215217.7;215217.7;215217.7
1986-04-30;215066.28;215066.28;215066.28
1986-05-01;214923.88;214923.88;214923.88
1986-05-02;214779.06;214779.06;214779.06
1986-05-03;214505.4;214505.4;214505.4
1986-05-04;214079.73;214079.73;214079.73
1986-05-05;212775.39;212775.39;212775.39
1986-05-06;210685.94;210685.94;210685.94
1986-05-07;208869.14;208869.14;208869.14
1986-05-08;207412.53;207412.53;207412.53
1986-05-09;206222.22;206222.22;206222.22
1986-05-10;205212.64;205212.64;205212.64
1986-05-11;204289.34;204289.34;204289.34
1986-05-12;203291.66;203291.66;203291.66
1986-05-13;202105.58;202105.58;202105.58
1986-05-14;200848.36;200848.36;200848.36
1986-05-15;199661.38;199661.38;199661.38
1986-05-16;198600.27;198600.27;198600.27
1986-05-17;197642.86;197642.86;197642.86
1986-05-18;196741.77;196741.77;196741.77
1986-05-19;195851.05;195851.05;195851.05
1986-05-20;194931.98;194931.98;194931.98
1986-05-21;193945.06;193945.06;193945.06
1986-05-22;192851.44;192851.44;192851.44
1986-05-23;191614.17;191614.17;191614.17
1986-05-24;187334.11;187334.11;187334.11
1986-05-25;181936.69;181936.69;181936.69
1986-05-26;180302.06;180302.06;180302.06
1986-05-27;178757.72;178757.72;178757.72
1986-05-28;177390.77;177390.77;177390.77
1986-05-29;176248.61;176248.61;176248.61
1986-05-30;175241.8;175241.8;175241.8
1986-05-31;174262.06;174262.06;174262.06
1986-06-01;173432.16;173432.16;173432.16
1986-06-02;172847.73;172847.73;172847.73
1986-06-03;172322.97;172322.97;172322.97
1986-06-04;171880.7;171880.7;171880.7
1986-06-05;171564.16;171564.16;171564.16
1986-06-06;171431.56;171431.56;171431.56
1986-06-07;171434.77;171434.77;171434.77
1986-06-08;171552.9;171552.9;171552.9
1986-06-09;171847.28;171847.28;171847.28
1986-06-10;172394.73;172394.73;172394.73
1986-06-11;173223.88;173223.88;173223.88
1986-06-12;174173.42;174173.42;174173.42
1986-06-13;174965.92;174965.92;174965.92
1986-06-14;175367.64;175367.64;175367.64
1986-06-15;175290.42;175290.42;175290.42
1986-06-16;174790.45;174790.45;174790.45
1986-06-17;174031.05;174031.05;174031.05
1986-06-18;173221.5;173221.5;173221.5
1986-06-19;172637.38;172637.38;172637.38
1986-06-20;172068.25;172068.25;172068.25
1986-06-21;171598.5;171598.5;171598.5
1986-06-22;171338.58;171338.58;171338.58
1986-06-23;171095.31;171095.31;171095.31
1986-06-24;170782.84;170782.84;170782.84
1986-06-25;170396.05;170396.05;170396.05
1986-06-26;169963.45;169963.45;169963.45
1986-06-27;169530.14;169530.14;169530.14
1986-06-28;169065.17;169065.17;169065.17
1986-06-29;168641.56;168641.56;168641.56
1986-06-30;168435.06;168435.06;168435.06
1986-07-01;168283.6;168283.6;168283.6
1986-07-02;169082.31;169082.31;169082.31
1986-07-03;171183.03;171183.03;171183.03
1986-07-04;171346.98;171346.98;171346.98
1986-07-05;171331.8;171331.8;171331.8
1986-07-06;170730.67;170730.67;170730.67
1986-07-07;168945.94;168945.94;168945.94
1986-07-08;166619.27;166619.27;166619.27
1986-07-09;164401.1;164401.1;164401.1
1986-07-10;162504.62;162504.62;162504.62
1986-07-11;160875.3;160875.3;160875.3
1986-07-12;159426.23;159426.23;159426.23
1986-07-13;158169.4;158169.4;158169.4
1986-07-14;157067.22;157067.22;157067.22
1986-07-15;156001.38;156001.38;156001.38
1986-07-16;154986.9;154986.9;154986.9
1986-07-17;154075.02;154075.02;154075.02
1986-07-18;153225.69;153225.69;153225.69
1986-07-19;152464.2;152464.2;152464.2
1986-07-20;151747.86;151747.86;151747.86
1986-07-21;151027.4;151027.4;151027.4
1986-07-22;150278.61;150278.61;150278.61
1986-07-23;149522.67;149522.67;149522.67
1986-07-24;148917.67;148917.67;148917.67
1986-07-25;148480.58;148480.58;148480.58
1986-07-26;147933.34;147933.34;147933.34
1986-07-27;147263.58;147263.58;147263.58
1986-07-28;146602.34;146602.34;146602.34
1986-07-29;146017.0;146017.0;146017.0
1986-07-30;145433.67;145433.67;145433.67
1986-07-31;144845.14;144845.14;144845.14
1986-08-01;144178.38;144178.38;144178.38
1986-08-02;143413.98;143413.98;143413.98
1986-08-03;142603.83;142603.83;142603.83
1986-08-04;141809.08;141809.08;141809.08
1986-08-05;141085.42;141085.42;141085.42
1986-08-06;140430.27;140430.27;140430.27
1986-08-07;139807.19;139807.19;139807.19
1986-08-08;139181.67;139181.67;139181.67
1986-08-09;138514.95;138514.95;138514.95
1986-08-10;137816.98;137816.98;137816.98
1986-08-11;137101.67;137101.67;137101.67
1986-08-12;136384.6;136384.6;136384.6
1986-08-13;135625.84;135625.84;135625.84
1986-08-14;134868.77;134868.77;134868.77
1986-08-15;134136.23;134136.23;134136.23
1986-08-16;133387.17;133387.17;133387.17
1986-08-17;132618.27;132618.27;132618.27
1986-08-18;131830.64;131830.64;131830.64
1986-08-19;131032.414;131032.414;131032.414
1986-08-20;130233.695;130233.695;130233.695
1986-08-21;129399.75;129399.75;129399.75
1986-08-22;128494.81;128494.81;128494.81
1986-08-23;127589.45;127589.45;127589.45
1986-08-24;126674.29;126674.29;126674.29
1986-08-25;125744.6;125744.6;125744.6
1986-08-26;124819.44;124819.44;124819.44
1986-08-27;123950.125;123950.125;123950.125
1986-08-28;123087.15;123087.15;123087.15
1986-08-29;122281.09;122281.09;122281.09
1986-08-30;121582.78;121582.78;121582.78
1986-08-31;120989.53;120989.53;120989.53
1986-09-01;120460.63;120460.63;120460.63
1986-09-02;119940.31;119940.31;119940.31
1986-09-03;119346.59;119346.59;119346.59
1986-09-04;118580.03;118580.03;118580.03
1986-09-05;117751.79;117751.79;117751.79
1986-09-06;116948.445;116948.445;116948.445
1986-09-07;116293.62;116293.62;116293.62
1986-09-08;116007.4;116007.4;116007.4
1986-09-09;115971.03;115971.03;115971.03
1986-09-10;116009.07;116009.07;116009.07
1986-09-11;116274.734;116274.734;116274.734
1986-09-12;116532.234;116532.234;116532.234
1986-09-13;116541.45;116541.45;116541.45
1986-09-14;116469.45;116469.45;116469.45
1986-09-15;116371.76;116371.76;116371.76
1986-09-16;116278.58;116278.58;116278.58
1986-09-17;116193.836;116193.836;116193.836
1986-09-18;116053.45;116053.45;116053.45
1986-09-19;115816.55;115816.55;115816.55
1986-09-20;115474.04;115474.04;115474.04
1986-09-21;115237.69;115237.69;115237.69
1986-09-22;115062.85;115062.85;115062.85
1986-09-23;114763.4;114763.4;114763.4
1986-09-24;114521.945;114521.945;114521.945
1986-09-25;114344.89;114344.89;114344.89
1986-09-26;114257.195;114257.195;114257.195
1986-09-27;114674.27;114674.27;114674.27
1986-09-28;114534.81;114534.81;114534.81
1986-09-29;114090.836;114090.836;114090.836
1986-09-30;113705.6;113705.6;113705.6
1986-10-01;113463.68;113463.68;113463.68
1986-10-02;112726.42;112726.42;112726.42
1986-10-03;112062.72;112062.72;112062.72
1986-10-04;111586.016;111586.016;111586.016
1986-10-05;111460.73;111460.73;111460.73
1986-10-06;111752.76;111752.76;111752.76
1986-10-07;112364.31;112364.31;112364.31
1986-10-08;112984.14;112984.14;112984.14
1986-10-09;113377.86;113377.86;113377.86
1986-10-10;114008.84;114008.84;114008.84
1986-10-11;114583.4;114583.4;114583.4
1986-10-12;114750.21;114750.21;114750.21
1986-10-13;114898.93;114898.93;114898.93
1986-10-14;114671.445;114671.445;114671.445
1986-10-15;114299.21;114299.21;114299.21
1986-10-16;113825.72;113825.72;113825.72
1986-10-17;113082.98;113082.98;113082.98
1986-10-18;112312.05;112312.05;112312.05
1986-10-19;111911.11;111911.11;111911.11
1986-10-20;111887.77;111887.77;111887.77
1986-10-21;112121.625;112121.625;112121.625
1986-10-22;112755.89;112755.89;112755.89
1986-10-23;114073.09;114073.09;114073.09
1986-10-24;115015.86;115015.86;115015.86
1986-10-25;115575.17;115575.17;115575.17
1986-10-26;116081.15;116081.15;116081.15
1986-10-27;116423.77;116423.77;116423.77
1986-10-28;116628.47;116628.47;116628.47
1986-10-29;116914.91;116914.91;116914.91
1986-10-30;117226.76;117226.76;117226.76
1986-10-31;117801.19;117801.19;117801.19
1986-11-01;118179.414;118179.414;118179.414
1986-11-02;118305.33;118305.33;118305.33
1986-11-03;118330.7;118330.7;118330.7
1986-11-04;118371.71;118371.71;118371.71
1986-11-05;118416.02;118416.02;118416.02
1986-11-06;118442.84;118442.84;118442.84
1986-11-07;118446.17;118446.17;118446.17
1986-11-08;118423.35;118423.35;118423.35
1986-11-09;118386.93;118386.93;118386.93
1986-11-10;118346.47;118346.47;118346.47
1986-11-11;118246.766;118246.766;118246.766
1986-11-12;117925.44;117925.44;117925.44
1986-11-13;118148.01;118148.01;118148.01
1986-11-14;118303.73;118303.73;118303.73
1986-11-15;118420.5;118420.5;118420.5
1986-11-16;118600.16;118600.16;118600.16
1986-11-17;119122.266;119122.266;119122.266
1986-11-18;119964.54;119964.54;119964.54
1986-11-19;120843.445;120843.445;120843.445
1986-11-20;121725.27;121725.27;121725.27
1986-11-21;122653.61;122653.61;122653.61
1986-11-22;123675.28;123675.28;123675.28
1986-11-23;124797.8;124797.8;124797.8
1986-11-24;125973.93;125973.93;125973.93
1986-11-25;127035.83;127035.83;127035.83
1986-11-26;127902.69;127902.69;127902.69
1986-11-27;128594.52;128594.52;128594.52
1986-11-28;129146.37;129146.37;129146.37
1986-11-29;129604.98;129604.98;129604.98
1986-11-30;130048.8;130048.8;130048.8
1986-12-01;130533.5;130533.5;130533.5
1986-12-02;131001.38;131001.38;131001.38
1986-12-03;131393.25;131393.25;131393.25
1986-12-04;131663.44;131663.44;131663.44
1986-12-05;131875.02;131875.02;131875.02
1986-12-06;131705.08;131705.08;131705.08
1986-12-07;131578.08;131578.08;131578.08
1986-12-08;131490.52;131490.52;131490.52
1986-12-09;131357.95;131357.95;131357.95
1986-12-10;131194.34;131194.34;131194.34
1986-12-11;131107.95;131107.95;131107.95
1986-12-12;131208.55;131208.55;131208.55
1986-12-13;131440.12;131440.12;131440.12
1986-12-14;132336.94;132336.94;132336.94
1986-12-15;133769.33;133769.33;133769.33
1986-12-16;134276.55;134276.55;134276.55
1986-12-17;134858.97;134858.97;134858.97
1986-12-18;135188.62;135188.62;135188.62
1986-12-19;135343.64;135343.64;135343.64
1986-12-20;135568.81;135568.81;135568.81
1986-12-21;135926.06;135926.06;135926.06
1986-12-22;136345.61;136345.61;136345.61
1986-12-23;137067.95;137067.95;137067.95
1986-12-24;138185.75;138185.75;138185.75
1986-12-25;139423.95;139423.95;139423.95
1986-12-26;141326.4;141326.4;141326.4
1986-12-27;143366.45;143366.45;143366.45
1986-12-28;145368.94;145368.94;145368.94
1986-12-29;147590.95;147590.95;147590.95
1986-12-30;150980.05;150980.05;150980.05
1986-12-31;152570.73;152570.73;152570.73
1987-01-01;152287.06;152287.06;152287.06
1987-01-02;152723.14;152723.14;152723.14
1987-01-03;152905.69;152905.69;152905.69
1987-01-04;153049.83;153049.83;153049.83
1987-01-05;153499.61;153499.61;153499.61
1987-01-06;154137.0;154137.0;154137.0
1987-01-07;154427.75;154427.75;154427.75
1987-01-08;154366.31;154366.31;154366.31
1987-01-09;154114.23;154114.23;154114.23
1987-01-10;153864.42;153864.42;153864.42
1987-01-11;153832.64;153832.64;153832.64
1987-01-12;154056.08;154056.08;154056.08
1987-01-13;154504.62;154504.62;154504.62
1987-01-14;155278.77;155278.77;155278.77
1987-01-15;156214.27;156214.27;156214.27
1987-01-16;157476.94;157476.94;157476.94
1987-01-17;158820.73;158820.73;158820.73
1987-01-18;159808.9;159808.9;159808.9
1987-01-19;160494.73;160494.73;160494.73
1987-01-20;160984.5;160984.5;160984.5
1987-01-21;161274.39;161274.39;161274.39
1987-01-22;161665.48;161665.48;161665.48
1987-01-23;162365.17;162365.17;162365.17
1987-01-24;163325.28;163325.28;163325.28
1987-01-25;164208.27;164208.27;164208.27
1987-01-26;164725.72;164725.72;164725.72
1987-01-27;164747.05;164747.05;164747.05
1987-01-28;164613.14;164613.14;164613.14
1987-01-29;164544.23;164544.23;164544.23
1987-01-30;164705.47;164705.47;164705.47
1987-01-31;164743.06;164743.06;164743.06
1987-02-01;164633.42;164633.42;164633.42
1987-02-02;164795.19;164795.19;164795.19
1987-02-03;165562.48;165562.48;165562.48
1987-02-04;167131.06;167131.06;167131.06
1987-02-05;169291.12;169291.12;169291.12
1987-02-06;171715.95;171715.95;171715.95
1987-02-07;173869.5;173869.5;173869.5
1987-02-08;175459.36;175459.36;175459.36
1987-02-09;177049.08;177049.08;177049.08
1987-02-10;178650.6;178650.6;178650.6
1987-02-11;180319.62;180319.62;180319.62
1987-02-12;181927.19;181927.19;181927.19
1987-02-13;183336.81;183336.81;183336.81
1987-02-14;184639.17;184639.17;184639.17
1987-02-15;185354.89;185354.89;185354.89
1987-02-16;185711.78;185711.78;185711.78
1987-02-17;185701.72;185701.72;185701.72
1987-02-18;185094.8;185094.8;185094.8
1987-02-19;183970.83;183970.83;183970.83
1987-02-20;182630.08;182630.08;182630.08
1987-02-21;181063.06;181063.06;181063.06
1987-02-22;179830.84;179830.84;179830.84
1987-02-23;178598.61;178598.61;178598.61
1987-02-24;177512.11;177512.11;177512.11
1987-02-25;176657.69;176657.69;176657.69
1987-02-26;175787.62;175787.62;175787.62
1987-02-27;175102.84;175102.84;175102.84
1987-02-28;174536.03;174536.03;174536.03
1987-03-01;174427.75;174427.75;174427.75
1987-03-02;176380.08;176380.08;176380.08
1987-03-03;179042.61;179042.61;179042.61
1987-03-04;179629.23;179629.23;179629.23
1987-03-05;178275.73;178275.73;178275.73
1987-03-06;176730.58;176730.58;176730.58
1987-03-07;176431.86;176431.86;176431.86
1987-03-08;177404.92;177404.92;177404.92
1987-03-09;176904.8;176904.8;176904.8
1987-03-10;176254.05;176254.05;176254.05
1987-03-11;176628.39;176628.39;176628.39
1987-03-12;178827.66;178827.66;178827.66
1987-03-13;180819.86;180819.86;180819.86
1987-03-14;181750.02;181750.02;181750.02
1987-03-15;183695.84;183695.84;183695.84
1987-03-16;184664.89;184664.89;184664.89
1987-03-17;185376.27;185376.27;185376.27
1987-03-18;187424.42;187424.42;187424.42
1987-03-19;190186.94;190186.94;190186.94
1987-03-20;193928.95;193928.95;193928.95
1987-03-21;199086.84;199086.84;199086.84
1987-03-22;204715.19;204715.19;204715.19
1987-03-23;209131.8;209131.8;209131.8
1987-03-24;211311.67;211311.67;211311.67
1987-03-25;211160.56;211160.56;211160.56
1987-03-26;210921.64;210921.64;210921.64
1987-03-27;210057.17;210057.17;210057.17
1987-03-28;207311.28;207311.28;207311.28
1987-03-29;204992.97;204992.97;204992.97
1987-03-30;203235.58;203235.58;203235.58
1987-03-31;201796.72;201796.72;201796.72
1987-04-01;200651.52;200651.52;200651.52
1987-04-02;199950.25;199950.25;199950.25
1987-04-03;200310.69;200310.69;200310.69
1987-04-04;199888.64;199888.64;199888.64
1987-04-05;198491.33;198491.33;198491.33
1987-04-06;197076.05;197076.05;197076.05
1987-04-07;195695.89;195695.89;195695.89
1987-04-08;194631.89;194631.89;194631.89
1987-04-09;194105.6;194105.6;194105.6
1987-04-10;195030.05;195030.05;195030.05
1987-04-11;197287.77;197287.77;197287.77
1987-04-12;199499.7;199499.7;199499.7
1987-04-13;201597.61;201597.61;201597.61
1987-04-14;203969.05;203969.05;203969.05
1987-04-15;206279.39;206279.39;206279.39
1987-04-16;207921.16;207921.16;207921.16
1987-04-17;207830.36;207830.36;207830.36
1987-04-18;205872.38;205872.38;205872.38
1987-04-19;203028.69;203028.69;203028.69
1987-04-20;200720.4;200720.4;200720.4
1987-04-21;200270.34;200270.34;200270.34
1987-04-22;199872.45;199872.45;199872.45
1987-04-23;199270.28;199270.28;199270.28
1987-04-24;199269.95;199269.95;199269.95
1987-04-25;199884.14;199884.14;199884.14
1987-04-26;201525.31;201525.31;201525.31
1987-04-27;203812.69;203812.69;203812.69
1987-04-28;205472.1;205472.1;205472.1
1987-04-29;206149.42;206149.42;206149.42
1987-04-30;206444.56;206444.56;206444.56
1987-05-01;206423.19;206423.19;206423.19
1987-05-02;205750.25;205750.25;205750.25
1987-05-03;205106.3;205106.3;205106.3
1987-05-04;204523.66;204523.66;204523.66
1987-05-05;203742.62;203742.62;203742.62
1987-05-06;203055.23;203055.23;203055.23
1987-05-07;202627.02;202627.02;202627.02
1987-05-08;202502.6;202502.6;202502.6
1987-05-09;202708.14;202708.14;202708.14
1987-05-10;203254.47;203254.47;203254.47
1987-05-11;204082.44;204082.44;204082.44
1987-05-12;205103.1;205103.1;205103.1
1987-05-13;206226.25;206226.25;206226.25
1987-05-14;207380.27;207380.27;207380.27
1987-05-15;208885.38;208885.38;208885.38
1987-05-16;209858.23;209858.23;209858.23
1987-05-17;210517.83;210517.83;210517.83
1987-05-18;210728.42;210728.42;210728.42
1987-05-19;210512.77;210512.77;210512.77
1987-05-20;210349.39;210349.39;210349.39
1987-05-21;210093.67;210093.67;210093.67
1987-05-22;209708.42;209708.42;209708.42
1987-05-23;209341.92;209341.92;209341.92
1987-05-24;209041.5;209041.5;209041.5
1987-05-25;208805.73;208805.73;208805.73
1987-05-26;210850.89;210850.89;210850.89
1987-05-27;210469.69;210469.69;210469.69
1987-05-28;209761.14;209761.14;209761.14
1987-05-29;210523.27;210523.27;210523.27
1987-05-30;211456.17;211456.17;211456.17
1987-05-31;212271.31;212271.31;212271.31
1987-06-01;213052.25;213052.25;213052.25
1987-06-02;213467.42;213467.42;213467.42
1987-06-03;213168.92;213168.92;213168.92
1987-06-04;212084.2;212084.2;212084.2
1987-06-05;210373.22;210373.22;210373.22
1987-06-06;208326.55;208326.55;208326.55
1987-06-07;206193.94;206193.94;206193.94
1987-06-08;204990.62;204990.62;204990.62
1987-06-09;204745.84;204745.84;204745.84
1987-06-10;204476.7;204476.7;204476.7
1987-06-11;204162.19;204162.19;204162.19
1987-06-12;203782.05;203782.05;203782.05
1987-06-13;202632.38;202632.38;202632.38
1987-06-14;200245.86;200245.86;200245.86
1987-06-15;197925.66;197925.66;197925.66
1987-06-16;195996.0;195996.0;195996.0
1987-06-17;194454.02;194454.02;194454.02
1987-06-18;193304.22;193304.22;193304.22
1987-06-19;192427.72;192427.72;192427.72
1987-06-20;191727.1;191727.1;191727.1
1987-06-21;191109.61;191109.61;191109.61
1987-06-22;190471.02;190471.02;190471.02
1987-06-23;189678.92;189678.92;189678.92
1987-06-24;188611.52;188611.52;188611.52
1987-06-25;187198.22;187198.22;187198.22
1987-06-26;185483.39;185483.39;185483.39
1987-06-27;183713.69;183713.69;183713.69
1987-06-28;178433.4;178433.4;178433.4
1987-06-29;170489.12;170489.12;170489.12
1987-06-30;167862.14;167862.14;167862.14
1987-07-01;165865.95;165865.95;165865.95
1987-07-02;164424.73;164424.73;164424.73
1987-07-03;162904.02;162904.02;162904.02
1987-07-04;161559.88;161559.88;161559.88
1987-07-05;160582.19;160582.19;160582.19
1987-07-06;159638.0;159638.0;159638.0
1987-07-07;158415.47;158415.47;158415.47
1987-07-08;157501.44;157501.44;157501.44
1987-07-09;156479.08;156479.08;156479.08
1987-07-10;155178.77;155178.77;155178.77
1987-07-11;153923.9;153923.9;153923.9
1987-07-12;152763.52;152763.52;152763.52
1987-07-13;151669.92;151669.92;151669.92
1987-07-14;150680.45;150680.45;150680.45
1987-07-15;149923.36;149923.36;149923.36
1987-07-16;149240.86;149240.86;149240.86
1987-07-17;148530.28;148530.28;148530.28
1987-07-18;147847.7;147847.7;147847.7
1987-07-19;147172.36;147172.36;147172.36
1987-07-20;146700.06;146700.06;146700.06
1987-07-21;145939.4;145939.4;145939.4
1987-07-22;144988.36;144988.36;144988.36
1987-07-23;144329.88;144329.88;144329.88
1987-07-24;143495.14;143495.14;143495.14
1987-07-25;142538.19;142538.19;142538.19
1987-07-26;141630.75;141630.75;141630.75
1987-07-27;141020.44;141020.44;141020.44
1987-07-28;140529.56;140529.56;140529.56
1987-07-29;139782.5;139782.5;139782.5
1987-07-30;138831.23;138831.23;138831.23
1987-07-31;137535.14;137535.14;137535.14
1987-08-01;136334.86;136334.86;136334.86
1987-08-02;135831.62;135831.62;135831.62
1987-08-03;135240.95;135240.95;135240.95
1987-08-04;134521.6;134521.6;134521.6
1987-08-05;134107.52;134107.52;134107.52
1987-08-06;133793.8;133793.8;133793.8
1987-08-07;133374.77;133374.77;133374.77
1987-08-08;132945.6;132945.6;132945.6
1987-08-09;133275.66;133275.66;133275.66
1987-08-10;134822.2;134822.2;134822.2
1987-08-11;137447.45;137447.45;137447.45
1987-08-12;140504.81;140504.81;140504.81
1987-08-13;142299.02;142299.02;142299.02
1987-08-14;142229.39;142229.39;142229.39
1987-08-15;140916.69;140916.69;140916.69
1987-08-16;139262.06;139262.06;139262.06
1987-08-17;137752.47;137752.47;137752.47
1987-08-18;136689.55;136689.55;136689.55
1987-08-19;136076.88;136076.88;136076.88
1987-08-20;135849.78;135849.78;135849.78
1987-08-21;135868.05;135868.05;135868.05
1987-08-22;135898.19;135898.19;135898.19
1987-08-23;135619.86;135619.86;135619.86
1987-08-24;134975.02;134975.02;134975.02
1987-08-25;134370.97;134370.97;134370.97
1987-08-26;133724.39;133724.39;133724.39
1987-08-27;132896.52;132896.52;132896.52
1987-08-28;132211.61;132211.61;132211.61
1987-08-29;131198.06;131198.06;131198.06
1987-08-30;130252.49;130252.49;130252.49
1987-08-31;129245.43;129245.43;129245.43
1987-09-01;128045.29;128045.29;128045.29
1987-09-02;126688.89;126688.89;126688.89
1987-09-03;125191.68;125191.68;125191.68
1987-09-04;123632.14;123632.14;123632.14
1987-09-05;122114.49;122114.49;122114.49
1987-09-06;120592.875;120592.875;120592.875
1987-09-07;119112.69;119112.69;119112.69
1987-09-08;117751.266;117751.266;117751.266
1987-09-09;116535.2;116535.2;116535.2
1987-09-10;115550.24;115550.24;115550.24
1987-09-11;114668.29;114668.29;114668.29
1987-09-12;113717.95;113717.95;113717.95
1987-09-13;112880.016;112880.016;112880.016
1987-09-14;112107.695;112107.695;112107.695
1987-09-15;111315.27;111315.27;111315.27
1987-09-16;110525.59;110525.59;110525.59
1987-09-17;109781.95;109781.95;109781.95
1987-09-18;109057.484;109057.484;109057.484
1987-09-19;108621.336;108621.336;108621.336
1987-09-20;108317.68;108317.68;108317.68
1987-09-21;108042.37;108042.37;108042.37
1987-09-22;107898.57;107898.57;107898.57
1987-09-23;107844.48;107844.48;107844.48
1987-09-24;107773.62;107773.62;107773.62
1987-09-25;107664.99;107664.99;107664.99
1987-09-26;107531.44;107531.44;107531.44
1987-09-27;107528.36;107528.36;107528.36
1987-09-28;107527.62;107527.62;107527.62
1987-09-29;107415.89;107415.89;107415.89
1987-09-30;107250.22;107250.22;107250.22
1987-10-01;107005.63;107005.63;107005.63
1987-10-02;106676.445;106676.445;106676.445
1987-10-03;106243.984;106243.984;106243.984
1987-10-04;105720.62;105720.62;105720.62
1987-10-05;105080.62;105080.62;105080.62
1987-10-06;104299.664;104299.664;104299.664
1987-10-07;103513.555;103513.555;103513.555
1987-10-08;102839.06;102839.06;102839.06
1987-10-09;102243.1;102243.1;102243.1
1987-10-10;101535.88;101535.88;101535.88
1987-10-11;100852.16;100852.16;100852.16
1987-10-12;100237.23;100237.23;100237.23
1987-10-13;99659.914;99659.914;99659.914
1987-10-14;99161.55;99161.55;99161.55
1987-10-15;98735.38;98735.38;98735.38
1987-10-16;98322.4;98322.4;98322.4
1987-10-17;98016.02;98016.02;98016.02
1987-10-18;97840.82;97840.82;97840.82
1987-10-19;97795.16;97795.16;97795.16
1987-10-20;97862.125;97862.125;97862.125
1987-10-21;98048.19;98048.19;98048.19
1987-10-22;98206.96;98206.96;98206.96
1987-10-23;98303.086;98303.086;98303.086
1987-10-24;98360.3;98360.3;98360.3
1987-10-25;98238.79;98238.79;98238.79
1987-10-26;97974.72;97974.72;97974.72
1987-10-27;97662.414;97662.414;97662.414
1987-10-28;97346.72;97346.72;97346.72
1987-10-29;97239.69;97239.69;97239.69
1987-10-30;97202.266;97202.266;97202.266
1987-10-31;97258.31;97258.31;97258.31
1987-11-01;97575.7;97575.7;97575.7
1987-11-02;98087.58;98087.58;98087.58
1987-11-03;98708.07;98708.07;98708.07
1987-11-04;99278.81;99278.81;99278.81
1987-11-05;99830.19;99830.19;99830.19
1987-11-06;100420.875;100420.875;100420.875
1987-11-07;100986.7;100986.7;100986.7
1987-11-08;101567.74;101567.74;101567.74
1987-11-09;102229.43;102229.43;102229.43
1987-11-10;102987.94;102987.94;102987.94
1987-11-11;103842.05;103842.05;103842.05
1987-11-12;104793.15;104793.15;104793.15
1987-11-13;105390.9;105390.9;105390.9
1987-11-14;105605.2;105605.2;105605.2
1987-11-15;105738.266;105738.266;105738.266
1987-11-16;105776.305;105776.305;105776.305
1987-11-17;105805.3;105805.3;105805.3
1987-11-18;105852.19;105852.19;105852.19
1987-11-19;105915.39;105915.39;105915.39
1987-11-20;105996.86;105996.86;105996.86
1987-11-21;106103.125;106103.125;106103.125
1987-11-22;106316.28;106316.28;106316.28
1987-11-23;106587.72;106587.72;106587.72
1987-11-24;106809.91;106809.91;106809.91
1987-11-25;106969.125;106969.125;106969.125
1987-11-26;107119.01;107119.01;107119.01
1987-11-27;107368.73;107368.73;107368.73
1987-11-28;107786.016;107786.016;107786.016
1987-11-29;108352.89;108352.89;108352.89
1987-11-30;109007.67;109007.67;109007.67
1987-12-01;109696.77;109696.77;109696.77
1987-12-02;110414.56;110414.56;110414.56
1987-12-03;111189.45;111189.45;111189.45
1987-12-04;112038.07;112038.07;112038.07
1987-12-05;112839.43;112839.43;112839.43
1987-12-06;113542.03;113542.03;113542.03
1987-12-07;114141.984;114141.984;114141.984
1987-12-08;114643.71;114643.71;114643.71
1987-12-09;115065.83;115065.83;115065.83
1987-12-10;115438.586;115438.586;115438.586
1987-12-11;115773.875;115773.875;115773.875
1987-12-12;116098.586;116098.586;116098.586
1987-12-13;116419.74;116419.74;116419.74
1987-12-14;116743.48;116743.48;116743.48
1987-12-15;117187.39;117187.39;117187.39
1987-12-16;119491.65;119491.65;119491.65
1987-12-17;121174.516;121174.516;121174.516
1987-12-18;122702.21;122702.21;122702.21
1987-12-19;124736.05;124736.05;124736.05
1987-12-20;126477.61;126477.61;126477.61
1987-12-21;127947.62;127947.62;127947.62
1987-12-22;128490.87;128490.87;128490.87
1987-12-23;128724.08;128724.08;128724.08
1987-12-24;128923.05;128923.05;128923.05
1987-12-25;128967.35;128967.35;128967.35
1987-12-26;129623.47;129623.47;129623.47
1987-12-27;130582.58;130582.58;130582.58
1987-12-28;131929.8;131929.8;131929.8
1987-12-29;132804.17;132804.17;132804.17
1987-12-30;133025.19;133025.19;133025.19
1987-12-31;132647.33;132647.33;132647.33
1988-01-01;132628.17;132628.17;132628.17
1988-01-02;132863.39;132863.39;132863.39
1988-01-03;133331.22;133331.22;133331.22
1988-01-04;133632.47;133632.47;133632.47
1988-01-05;133689.75;133689.75;133689.75
1988-01-06;133857.94;133857.94;133857.94
1988-01-07;134403.66;134403.66;134403.66
1988-01-08;135428.47;135428.47;135428.47
1988-01-09;136581.48;136581.48;136581.48
1988-01-10;137512.1;137512.1;137512.1
1988-01-11;138021.38;138021.38;138021.38
1988-01-12;138199.62;138199.62;138199.62
1988-01-13;138143.05;138143.05;138143.05
1988-01-14;138062.45;138062.45;138062.45
1988-01-15;138309.12;138309.12;138309.12
1988-01-16;139325.42;139325.42;139325.42
1988-01-17;140726.22;140726.22;140726.22
1988-01-18;142323.83;142323.83;142323.83
1988-01-19;143625.08;143625.08;143625.08
1988-01-20;144398.64;144398.64;144398.64
1988-01-21;145195.67;145195.67;145195.67
1988-01-22;146484.1;146484.1;146484.1
1988-01-23;147846.64;147846.64;147846.64
1988-01-24;149370.28;149370.28;149370.28
1988-01-25;151191.08;151191.08;151191.08
1988-01-26;153088.42;153088.42;153088.42
1988-01-27;154827.56;154827.56;154827.56
1988-01-28;156144.19;156144.19;156144.19
1988-01-29;156806.17;156806.17;156806.17
1988-01-30;156871.34;156871.34;156871.34
1988-01-31;156561.98;156561.98;156561.98
1988-02-01;156345.06;156345.06;156345.06
1988-02-02;156610.78;156610.78;156610.78
1988-02-03;157246.95;157246.95;157246.95
1988-02-04;158125.33;158125.33;158125.33
1988-02-05;158993.34;158993.34;158993.34
1988-02-06;159685.95;159685.95;159685.95
1988-02-07;160250.53;160250.53;160250.53
1988-02-08;161029.1;161029.1;161029.1
1988-02-09;161829.97;161829.97;161829.97
1988-02-10;162456.39;162456.39;162456.39
1988-02-11;163047.52;163047.52;163047.52
1988-02-12;163768.4;163768.4;163768.4
1988-02-13;164667.19;164667.19;164667.19
1988-02-14;165757.92;165757.92;165757.92
1988-02-15;167038.11;167038.11;167038.11
1988-02-16;168481.3;168481.3;168481.3
1988-02-17;169987.75;169987.75;169987.75
1988-02-18;171318.28;171318.28;171318.28
1988-02-19;172616.02;172616.02;172616.02
1988-02-20;173887.39;173887.39;173887.39
1988-02-21;175151.2;175151.2;175151.2
1988-02-22;176391.1;176391.1;176391.1
1988-02-23;177619.56;177619.56;177619.56
1988-02-24;178509.27;178509.27;178509.27
1988-02-25;178846.92;178846.92;178846.92
1988-02-26;179106.83;179106.83;179106.83
1988-02-27;179535.92;179535.92;179535.92
1988-02-28;180337.3;180337.3;180337.3
1988-02-29;181407.34;181407.34;181407.34
1988-03-01;182377.4;182377.4;182377.4
1988-03-02;183277.86;183277.86;183277.86
1988-03-03;184089.0;184089.0;184089.0
1988-03-04;184897.31;184897.31;184897.31
1988-03-05;185816.42;185816.42;185816.42
1988-03-06;186874.23;186874.23;186874.23
1988-03-07;188046.64;188046.64;188046.64
1988-03-08;189138.64;189138.64;189138.64
1988-03-09;190817.86;190817.86;190817.86
1988-03-10;192797.67;192797.67;192797.67
1988-03-11;193697.78;193697.78;193697.78
1988-03-12;192958.8;192958.8;192958.8
1988-03-13;192190.61;192190.61;192190.61
1988-03-14;191700.12;191700.12;191700.12
1988-03-15;191925.8;191925.8;191925.8
1988-03-16;192735.08;192735.08;192735.08
1988-03-17;193494.47;193494.47;193494.47
1988-03-18;194060.11;194060.11;194060.11
1988-03-19;194380.78;194380.78;194380.78
1988-03-20;194838.06;194838.06;194838.06
1988-03-21;195404.95;195404.95;195404.95
1988-03-22;196117.38;196117.38;196117.38
1988-03-23;197249.81;197249.81;197249.81
1988-03-24;199007.27;199007.27;199007.27
1988-03-25;201421.34;201421.34;201421.34
1988-03-26;204528.22;204528.22;204528.22
1988-03-27;207073.56;207073.56;207073.56
1988-03-28;209597.77;209597.77;209597.77
1988-03-29;212094.31;212094.31;212094.31
1988-03-30;212914.47;212914.47;212914.47
1988-03-31;212460.33;212460.33;212460.33
1988-04-01;212202.14;212202.14;212202.14
1988-04-02;211070.66;211070.66;211070.66
1988-04-03;210011.0;210011.0;210011.0
1988-04-04;209788.42;209788.42;209788.42
1988-04-05;210251.31;210251.31;210251.31
1988-04-06;210912.66;210912.66;210912.66
1988-04-07;211572.58;211572.58;211572.58
1988-04-08;212053.97;212053.97;212053.97
1988-04-09;212441.86;212441.86;212441.86
1988-04-10;212953.12;212953.12;212953.12
1988-04-11;216240.56;216240.56;216240.56
1988-04-12;221016.52;221016.52;221016.52
1988-04-13;218332.25;218332.25;218332.25
1988-04-14;214336.55;214336.55;214336.55
1988-04-15;211765.81;211765.81;211765.81
1988-04-16;210056.84;210056.84;210056.84
1988-04-17;208690.89;208690.89;208690.89
1988-04-18;207426.34;207426.34;207426.34
1988-04-19;206198.84;206198.84;206198.84
1988-04-20;205068.42;205068.42;205068.42
1988-04-21;204218.58;204218.58;204218.58
1988-04-22;203898.73;203898.73;203898.73
1988-04-23;204017.25;204017.25;204017.25
1988-04-24;204055.8;204055.8;204055.8
1988-04-25;203458.8;203458.8;203458.8
1988-04-26;202063.17;202063.17;202063.17
1988-04-27;200149.6;200149.6;200149.6
1988-04-28;198478.19;198478.19;198478.19
1988-04-29;198076.25;198076.25;198076.25
1988-04-30;197942.25;197942.25;197942.25
1988-05-01;197835.45;197835.45;197835.45
1988-05-02;197840.67;197840.67;197840.67
1988-05-03;197793.73;197793.73;197793.73
1988-05-04;197542.64;197542.64;197542.64
1988-05-05;196433.9;196433.9;196433.9
1988-05-06;194983.14;194983.14;194983.14
1988-05-07;193812.95;193812.95;193812.95
1988-05-08;193438.31;193438.31;193438.31
1988-05-09;193605.66;193605.66;193605.66
1988-05-10;194071.58;194071.58;194071.58
1988-05-11;194899.78;194899.78;194899.78
1988-05-12;195506.3;195506.3;195506.3
1988-05-13;195853.08;195853.08;195853.08
1988-05-14;196095.31;196095.31;196095.31
1988-05-15;196296.34;196296.34;196296.34
1988-05-16;196453.2;196453.2;196453.2
1988-05-17;196544.98;196544.98;196544.98
1988-05-18;196544.12;196544.12;196544.12
1988-05-19;196433.44;196433.44;196433.44
1988-05-20;196316.69;196316.69;196316.69
1988-05-21;196079.75;196079.75;196079.75
1988-05-22;195090.67;195090.67;195090.67
1988-05-23;193757.67;193757.67;193757.67
1988-05-24;193843.56;193843.56;193843.56
1988-05-25;194862.67;194862.67;194862.67
1988-05-26;194594.77;194594.77;194594.77
1988-05-27;193368.75;193368.75;193368.75
1988-05-28;192144.33;192144.33;192144.33
1988-05-29;191189.47;191189.47;191189.47
1988-05-30;190582.36;190582.36;190582.36
1988-05-31;190350.77;190350.77;190350.77
1988-06-01;190485.67;190485.67;190485.67
1988-06-02;190988.7;190988.7;190988.7
1988-06-03;191774.5;191774.5;191774.5
1988-06-04;192581.12;192581.12;192581.12
1988-06-05;193347.0;193347.0;193347.0
1988-06-06;194025.0;194025.0;194025.0
1988-06-07;194608.48;194608.48;194608.48
1988-06-08;195058.39;195058.39;195058.39
1988-06-09;195334.56;195334.56;195334.56
1988-06-10;195430.45;195430.45;195430.45
1988-06-11;195357.77;195357.77;195357.77
1988-06-12;195135.67;195135.67;195135.67
1988-06-13;194805.2;194805.2;194805.2
1988-06-14;193984.08;193984.08;193984.08
1988-06-15;192534.6;192534.6;192534.6
1988-06-16;191106.48;191106.48;191106.48
1988-06-17;189836.48;189836.48;189836.48
1988-06-18;188864.02;188864.02;188864.02
1988-06-19;188240.42;188240.42;188240.42
1988-06-20;187934.14;187934.14;187934.14
1988-06-21;187901.67;187901.67;187901.67
1988-06-22;188152.61;188152.61;188152.61
1988-06-23;188628.77;188628.77;188628.77
1988-06-24;189209.5;189209.5;189209.5
1988-06-25;189774.42;189774.42;189774.42
1988-06-26;190201.98;190201.98;190201.98
1988-06-27;190442.28;190442.28;190442.28
1988-06-28;190504.53;190504.53;190504.53
1988-06-29;190237.3;190237.3;190237.3
1988-06-30;189642.28;189642.28;189642.28
1988-07-01;188685.05;188685.05;188685.05
1988-07-02;187425.28;187425.28;187425.28
1988-07-03;186063.38;186063.38;186063.38
1988-07-04;184782.77;184782.77;184782.77
1988-07-05;183661.62;183661.62;183661.62
1988-07-06;182690.44;182690.44;182690.44
1988-07-07;181792.88;181792.88;181792.88
1988-07-08;180780.89;180780.89;180780.89
1988-07-09;179606.2;179606.2;179606.2
1988-07-10;178446.23;178446.23;178446.23
1988-07-11;177437.03;177437.03;177437.03
1988-07-12;176606.9;176606.9;176606.9
1988-07-13;174017.55;174017.55;174017.55
1988-07-14;172326.78;172326.78;172326.78
1988-07-15;171906.92;171906.92;171906.92
1988-07-16;171398.39;171398.39;171398.39
1988-07-17;170951.58;170951.58;170951.58
1988-07-18;170702.03;170702.03;170702.03
1988-07-19;170685.28;170685.28;170685.28
1988-07-20;170849.11;170849.11;170849.11
1988-07-21;171108.72;171108.72;171108.72
1988-07-22;170944.61;170944.61;170944.61
1988-07-23;170141.75;170141.75;170141.75
1988-07-24;168440.05;168440.05;168440.05
1988-07-25;165954.27;165954.27;165954.27
1988-07-26;163289.0;163289.0;163289.0
1988-07-27;160895.39;160895.39;160895.39
1988-07-28;158921.62;158921.62;158921.62
1988-07-29;157253.55;157253.55;157253.55
1988-07-30;155665.5;155665.5;155665.5
1988-07-31;154403.92;154403.92;154403.92
1988-08-01;153212.58;153212.58;153212.58
1988-08-02;152165.72;152165.72;152165.72
1988-08-03;151300.95;151300.95;151300.95
1988-08-04;150588.0;150588.0;150588.0
1988-08-05;150037.95;150037.95;150037.95
1988-08-06;149670.11;149670.11;149670.11
1988-08-07;149369.02;149369.02;149369.02
1988-08-08;149014.81;149014.81;149014.81
1988-08-09;148477.08;148477.08;148477.08
1988-08-10;147763.67;147763.67;147763.67
1988-08-11;146996.94;146996.94;146996.94
1988-08-12;146190.75;146190.75;146190.75
1988-08-13;145300.1;145300.1;145300.1
1988-08-14;144569.2;144569.2;144569.2
1988-08-15;143932.05;143932.05;143932.05
1988-08-16;143506.52;143506.52;143506.52
1988-08-17;143317.53;143317.53;143317.53
1988-08-18;143270.69;143270.69;143270.69
1988-08-19;143289.25;143289.25;143289.25
1988-08-20;143241.78;143241.78;143241.78
1988-08-21;143025.45;143025.45;143025.45
1988-08-22;142604.66;142604.66;142604.66
1988-08-23;142013.11;142013.11;142013.11
1988-08-24;141205.27;141205.27;141205.27
1988-08-25;140198.92;140198.92;140198.92
1988-08-26;139134.67;139134.67;139134.67
1988-08-27;138079.39;138079.39;138079.39
1988-08-28;137052.12;137052.12;137052.12
1988-08-29;136067.9;136067.9;136067.9
1988-08-30;135289.17;135289.17;135289.17
1988-08-31;134412.36;134412.36;134412.36
1988-09-01;133388.64;133388.64;133388.64
1988-09-02;132537.17;132537.17;132537.17
1988-09-03;131752.31;131752.31;131752.31
1988-09-04;130617.03;130617.03;130617.03
1988-09-05;129903.91;129903.91;129903.91
1988-09-06;129387.02;129387.02;129387.02
1988-09-07;128820.48;128820.48;128820.48
1988-09-08;128139.07;128139.07;128139.07
1988-09-09;127319.29;127319.29;127319.29
1988-09-10;126374.78;126374.78;126374.78
1988-09-11;125286.64;125286.64;125286.64
1988-09-12;124088.05;124088.05;124088.05
1988-09-13;122881.35;122881.35;122881.35
1988-09-14;121734.625;121734.625;121734.625
1988-09-15;120729.03;120729.03;120729.03
1988-09-16;119778.31;119778.31;119778.31
1988-09-17;118852.56;118852.56;118852.56
1988-09-18;118005.164;118005.164;118005.164
1988-09-19;117219.1;117219.1;117219.1
1988-09-20;116475.484;116475.484;116475.484
1988-09-21;115873.26;115873.26;115873.26
1988-09-22;115408.32;115408.32;115408.32
1988-09-23;114853.38;114853.38;114853.38
1988-09-24;114307.83;114307.83;114307.83
1988-09-25;113774.12;113774.12;113774.12
1988-09-26;113271.55;113271.55;113271.55
1988-09-27;112802.586;112802.586;112802.586
1988-09-28;112444.055;112444.055;112444.055
1988-09-29;112402.54;112402.54;112402.54
1988-09-30;112473.24;112473.24;112473.24
1988-10-01;112638.99;112638.99;112638.99
1988-10-02;112781.46;112781.46;112781.46
1988-10-03;112577.74;112577.74;112577.74
1988-10-04;112047.59;112047.59;112047.59
1988-10-05;111332.836;111332.836;111332.836
1988-10-06;110703.375;110703.375;110703.375
1988-10-07;110150.46;110150.46;110150.46
1988-10-08;109765.34;109765.34;109765.34
1988-10-09;109586.36;109586.36;109586.36
1988-10-10;109539.445;109539.445;109539.445
1988-10-11;109562.88;109562.88;109562.88
1988-10-12;109558.96;109558.96;109558.96
1988-10-13;109610.96;109610.96;109610.96
1988-10-14;109462.96;109462.96;109462.96
1988-10-15;109055.41;109055.41;109055.41
1988-10-16;108680.53;108680.53;108680.53
1988-10-17;108436.95;108436.95;108436.95
1988-10-18;108289.805;108289.805;108289.805
1988-10-19;108351.18;108351.18;108351.18
1988-10-20;108549.05;108549.05;108549.05
1988-10-21;108808.18;108808.18;108808.18
1988-10-22;109099.97;109099.97;109099.97
1988-10-23;109334.695;109334.695;109334.695
1988-10-24;109549.77;109549.77;109549.77
1988-10-25;109667.83;109667.83;109667.83
1988-10-26;109660.68;109660.68;109660.68
1988-10-27;109752.2;109752.2;109752.2
1988-10-28;109447.94;109447.94;109447.94
1988-10-29;108973.164;108973.164;108973.164
1988-10-30;108464.38;108464.38;108464.38
1988-10-31;107941.19;107941.19;107941.19
1988-11-01;107615.336;107615.336;107615.336
1988-11-02;107515.05;107515.05;107515.05
1988-11-03;107690.17;107690.17;107690.17
1988-11-04;108323.74;108323.74;108323.74
1988-11-05;109199.84;109199.84;109199.84
1988-11-06;109909.734;109909.734;109909.734
1988-11-07;110537.53;110537.53;110537.53
1988-11-08;111063.195;111063.195;111063.195
1988-11-09;111512.05;111512.05;111512.05
1988-11-10;112141.75;112141.75;112141.75
1988-11-11;112681.95;112681.95;112681.95
1988-11-12;112979.39;112979.39;112979.39
1988-11-13;113379.914;113379.914;113379.914
1988-11-14;114061.84;114061.84;114061.84
1988-11-15;114692.56;114692.56;114692.56
1988-11-16;114975.266;114975.266;114975.266
1988-11-17;114985.414;114985.414;114985.414
1988-11-18;114984.99;114984.99;114984.99
1988-11-19;114983.586;114983.586;114983.586
1988-11-20;114926.01;114926.01;114926.01
1988-11-21;114791.16;114791.16;114791.16
1988-11-22;114697.47;114697.47;114697.47
1988-11-23;114559.86;114559.86;114559.86
1988-11-24;113793.1;113793.1;113793.1
1988-11-25;112534.734;112534.734;112534.734
1988-11-26;112127.086;112127.086;112127.086
1988-11-27;112056.33;112056.33;112056.33
1988-11-28;111850.41;111850.41;111850.41
1988-11-29;112270.22;112270.22;112270.22
1988-11-30;113147.445;113147.445;113147.445
1988-12-01;113900.336;113900.336;113900.336
1988-12-02;114429.89;114429.89;114429.89
1988-12-03;114555.94;114555.94;114555.94
1988-12-04;114731.945;114731.945;114731.945
1988-12-05;114896.78;114896.78;114896.78
1988-12-06;115062.53;115062.53;115062.53
1988-12-07;115212.24;115212.24;115212.24
1988-12-08;115486.484;115486.484;115486.484
1988-12-09;116158.164;116158.164;116158.164
1988-12-10;117011.47;117011.47;117011.47
1988-12-11;117889.91;117889.91;117889.91
1988-12-12;118909.11;118909.11;118909.11
1988-12-13;120171.44;120171.44;120171.44
1988-12-14;121468.38;121468.38;121468.38
1988-12-15;122888.45;122888.45;122888.45
1988-12-16;124548.21;124548.21;124548.21
1988-12-17;126503.48;126503.48;126503.48
1988-12-18;133282.72;133282.72;133282.72
1988-12-19;137308.11;137308.11;137308.11
1988-12-20;139476.44;139476.44;139476.44
1988-12-21;141701.36;141701.36;141701.36
1988-12-22;143502.78;143502.78;143502.78
1988-12-23;144344.2;144344.2;144344.2
1988-12-24;144881.62;144881.62;144881.62
1988-12-25;145171.5;145171.5;145171.5
1988-12-26;145536.83;145536.83;145536.83
1988-12-27;145741.53;145741.53;145741.53
1988-12-28;145705.45;145705.45;145705.45
1988-12-29;146090.73;146090.73;146090.73
1988-12-30;146003.1;146003.1;146003.1
1988-12-31;145977.73;145977.73;145977.73
1989-01-01;146090.23;146090.23;146090.23
1989-01-02;146363.75;146363.75;146363.75
1989-01-03;147152.11;147152.11;147152.11
1989-01-04;148057.44;148057.44;148057.44
1989-01-05;148835.4;148835.4;148835.4
1989-01-06;149547.25;149547.25;149547.25
1989-01-07;150134.5;150134.5;150134.5
1989-01-08;150320.12;150320.12;150320.12
1989-01-09;150257.12;150257.12;150257.12
1989-01-10;150049.83;150049.83;150049.83
1989-01-11;150139.23;150139.23;150139.23
1989-01-12;150749.8;150749.8;150749.8
1989-01-13;151894.06;151894.06;151894.06
1989-01-14;152989.08;152989.08;152989.08
1989-01-15;154123.12;154123.12;154123.12
1989-01-16;155512.42;155512.42;155512.42
1989-01-17;157092.81;157092.81;157092.81
1989-01-18;158852.02;158852.02;158852.02
1989-01-19;160992.98;160992.98;160992.98
1989-01-20;163575.48;163575.48;163575.48
1989-01-21;166414.22;166414.22;166414.22
1989-01-22;169135.27;169135.27;169135.27
1989-01-23;171207.05;171207.05;171207.05
1989-01-24;172315.56;172315.56;172315.56
1989-01-25;172503.5;172503.5;172503.5
1989-01-26;172588.95;172588.95;172588.95
1989-01-27;173038.38;173038.38;173038.38
1989-01-28;182517.42;182517.42;182517.42
1989-01-29;187134.52;187134.52;187134.52
1989-01-30;179206.27;179206.27;179206.27
1989-01-31;175960.56;175960.56;175960.56
1989-02-01;176062.92;176062.92;176062.92
1989-02-02;177408.55;177408.55;177408.55
1989-02-03;179354.39;179354.39;179354.39
1989-02-04;181651.97;181651.97;181651.97
1989-02-05;183553.86;183553.86;183553.86
1989-02-06;184741.11;184741.11;184741.11
1989-02-07;185555.69;185555.69;185555.69
1989-02-08;186269.67;186269.67;186269.67
1989-02-09;186889.69;186889.69;186889.69
1989-02-10;187453.28;187453.28;187453.28
1989-02-11;187925.38;187925.38;187925.38
1989-02-12;188348.7;188348.7;188348.7
1989-02-13;188866.36;188866.36;188866.36
1989-02-14;189595.7;189595.7;189595.7
1989-02-15;190543.69;190543.69;190543.69
1989-02-16;191632.22;191632.22;191632.22
1989-02-17;192708.78;192708.78;192708.78
1989-02-18;193819.22;193819.22;193819.22
1989-02-19;196159.42;196159.42;196159.42
1989-02-20;198451.27;198451.27;198451.27
1989-02-21;199407.81;199407.81;199407.81
1989-02-22;200524.44;200524.44;200524.44
1989-02-23;202213.55;202213.55;202213.55
1989-02-24;204174.66;204174.66;204174.66
1989-02-25;206131.67;206131.67;206131.67
1989-02-26;208228.67;208228.67;208228.67
1989-02-27;210243.34;210243.34;210243.34
1989-02-28;211745.98;211745.98;211745.98
1989-03-01;212469.08;212469.08;212469.08
1989-03-02;212783.27;212783.27;212783.27
1989-03-03;213072.6;213072.6;213072.6
1989-03-04;213344.22;213344.22;213344.22
1989-03-05;213704.72;213704.72;213704.72
1989-03-06;214108.0;214108.0;214108.0
1989-03-07;214539.9;214539.9;214539.9
1989-03-08;215057.64;215057.64;215057.64
1989-03-09;215701.5;215701.5;215701.5
1989-03-10;216467.94;216467.94;216467.94
1989-03-11;217328.73;217328.73;217328.73
1989-03-12;218358.47;218358.47;218358.47
1989-03-13;219109.81;219109.81;219109.81
1989-03-14;219390.3;219390.3;219390.3
1989-03-15;219523.08;219523.08;219523.08
1989-03-16;219201.34;219201.34;219201.34
1989-03-17;219242.23;219242.23;219242.23
1989-03-18;217514.62;217514.62;217514.62
1989-03-19;215538.7;215538.7;215538.7
1989-03-20;214116.3;214116.3;214116.3
1989-03-21;213030.02;213030.02;213030.02
1989-03-22;212198.75;212198.75;212198.75
1989-03-23;211690.69;211690.69;211690.69
1989-03-24;211454.17;211454.17;211454.17
1989-03-25;211434.12;211434.12;211434.12
1989-03-26;211529.55;211529.55;211529.55
1989-03-27;211727.64;211727.64;211727.64
1989-03-28;212035.31;212035.31;212035.31
1989-03-29;212492.1;212492.1;212492.1
1989-03-30;213233.52;213233.52;213233.52
1989-03-31;214366.53;214366.53;214366.53
1989-04-01;215801.34;215801.34;215801.34
1989-04-02;217247.31;217247.31;217247.31
1989-04-03;218391.66;218391.66;218391.66
1989-04-04;219164.23;219164.23;219164.23
1989-04-05;219745.61;219745.61;219745.61
1989-04-06;220679.16;220679.16;220679.16
1989-04-07;221988.22;221988.22;221988.22
1989-04-08;222455.33;222455.33;222455.33
1989-04-09;222298.12;222298.12;222298.12
1989-04-10;221996.05;221996.05;221996.05
1989-04-11;221768.47;221768.47;221768.47
1989-04-12;221755.06;221755.06;221755.06
1989-04-13;221969.84;221969.84;221969.84
1989-04-14;222399.36;222399.36;222399.36
1989-04-15;222861.94;222861.94;222861.94
1989-04-16;223056.1;223056.1;223056.1
1989-04-17;223133.86;223133.86;223133.86
1989-04-18;223213.62;223213.62;223213.62
1989-04-19;223314.62;223314.62;223314.62
1989-04-20;223450.1;223450.1;223450.1
1989-04-21;223629.42;223629.42;223629.42
1989-04-22;223876.72;223876.72;223876.72
1989-04-23;224046.22;224046.22;224046.22
1989-04-24;223965.84;223965.84;223965.84
1989-04-25;223726.44;223726.44;223726.44
1989-04-26;223384.08;223384.08;223384.08
1989-04-27;222936.02;222936.02;222936.02
1989-04-28;222378.72;222378.72;222378.72
1989-04-29;221733.78;221733.78;221733.78
1989-04-30;221006.45;221006.45;221006.45
1989-05-01;220183.11;220183.11;220183.11
1989-05-02;219182.48;219182.48;219182.48
1989-05-03;217933.86;217933.86;217933.86
1989-05-04;216646.69;216646.69;216646.69
1989-05-05;215894.55;215894.55;215894.55
1989-05-06;215546.45;215546.45;215546.45
1989-05-07;215346.62;215346.62;215346.62
1989-05-08;215253.9;215253.9;215253.9
1989-05-09;215298.02;215298.02;215298.02
1989-05-10;215360.77;215360.77;215360.77
1989-05-11;215248.73;215248.73;215248.73
1989-05-12;215010.92;215010.92;215010.92
1989-05-13;214844.92;214844.92;214844.92
1989-05-14;214578.88;214578.88;214578.88
1989-05-15;214219.56;214219.56;214219.56
1989-05-16;213801.31;213801.31;213801.31
1989-05-17;212976.81;212976.81;212976.81
1989-05-18;212207.58;212207.58;212207.58
1989-05-19;211618.56;211618.56;211618.56
1989-05-20;210873.8;210873.8;210873.8
1989-05-21;209982.39;209982.39;209982.39
1989-05-22;208940.83;208940.83;208940.83
1989-05-23;207747.22;207747.22;207747.22
1989-05-24;206708.5;206708.5;206708.5
1989-05-25;205775.58;205775.58;205775.58
1989-05-26;204561.56;204561.56;204561.56
1989-05-27;203274.86;203274.86;203274.86
1989-05-28;202168.89;202168.89;202168.89
1989-05-29;201405.75;201405.75;201405.75
1989-05-30;201074.42;201074.42;201074.42
1989-05-31;201166.39;201166.39;201166.39
1989-06-01;201570.83;201570.83;201570.83
1989-06-02;202079.19;202079.19;202079.19
1989-06-03;202497.69;202497.69;202497.69
1989-06-04;202804.83;202804.83;202804.83
1989-06-05;203862.8;203862.8;203862.8
1989-06-06;206717.2;206717.2;206717.2
1989-06-07;207153.23;207153.23;207153.23
1989-06-08;205906.02;205906.02;205906.02
1989-06-09;204125.77;204125.77;204125.77
1989-06-10;202203.36;202203.36;202203.36
1989-06-11;200335.86;200335.86;200335.86
1989-06-12;198696.6;198696.6;198696.6
1989-06-13;197251.72;197251.72;197251.72
1989-06-14;195824.16;195824.16;195824.16
1989-06-15;194349.5;194349.5;194349.5
1989-06-16;192886.31;192886.31;192886.31
1989-06-17;191474.23;191474.23;191474.23
1989-06-18;184977.86;184977.86;184977.86
1989-06-19;183431.08;183431.08;183431.08
1989-06-20;183237.52;183237.52;183237.52
1989-06-21;183434.72;183434.72;183434.72
1989-06-22;184832.88;184832.88;184832.88
1989-06-23;187748.89;187748.89;187748.89
1989-06-24;189822.44;189822.44;189822.44
1989-06-25;190087.0;190087.0;190087.0
1989-06-26;190137.62;190137.62;190137.62
1989-06-27;189831.72;189831.72;189831.72
1989-06-28;187782.6;187782.6;187782.6
1989-06-29;186991.77;186991.77;186991.77
1989-06-30;186688.83;186688.83;186688.83
1989-07-01;186447.27;186447.27;186447.27
1989-07-02;186178.45;186178.45;186178.45
1989-07-03;186031.53;186031.53;186031.53
1989-07-04;186302.7;186302.7;186302.7
1989-07-05;186827.3;186827.3;186827.3
1989-07-06;187068.06;187068.06;187068.06
1989-07-07;187118.06;187118.06;187118.06
1989-07-08;187391.78;187391.78;187391.78
1989-07-09;187445.84;187445.84;187445.84
1989-07-10;187132.19;187132.19;187132.19
1989-07-11;186722.58;186722.58;186722.58
1989-07-12;186466.56;186466.56;186466.56
1989-07-13;186423.3;186423.3;186423.3
1989-07-14;186598.42;186598.42;186598.42
1989-07-15;186836.22;186836.22;186836.22
1989-07-16;186879.77;186879.77;186879.77
1989-07-17;186586.48;186586.48;186586.48
1989-07-18;185912.73;185912.73;185912.73
1989-07-19;185014.66;185014.66;185014.66
1989-07-20;184134.48;184134.48;184134.48
1989-07-21;183506.88;183506.88;183506.88
1989-07-22;183087.69;183087.69;183087.69
1989-07-23;182923.47;182923.47;182923.47
1989-07-24;183272.73;183272.73;183272.73
1989-07-25;183838.12;183838.12;183838.12
1989-07-26;184201.84;184201.84;184201.84
1989-07-27;184475.25;184475.25;184475.25
1989-07-28;184883.0;184883.0;184883.0
1989-07-29;185298.92;185298.92;185298.92
1989-07-30;185431.48;185431.48;185431.48
1989-07-31;185081.0;185081.0;185081.0
1989-08-01;184261.12;184261.12;184261.12
1989-08-02;183170.25;183170.25;183170.25
1989-08-03;181997.72;181997.72;181997.72
1989-08-04;180825.81;180825.81;180825.81
1989-08-05;179157.73;179157.73;179157.73
1989-08-06;176952.38;176952.38;176952.38
1989-08-07;175032.81;175032.81;175032.81
1989-08-08;173564.42;173564.42;173564.42
1989-08-09;172300.6;172300.6;172300.6
1989-08-10;171178.23;171178.23;171178.23
1989-08-11;170151.48;170151.48;170151.48
1989-08-12;168905.12;168905.12;168905.12
1989-08-13;167018.06;167018.06;167018.06
1989-08-14;164533.72;164533.72;164533.72
1989-08-15;162003.06;162003.06;162003.06
1989-08-16;159755.61;159755.61;159755.61
1989-08-17;157939.45;157939.45;157939.45
1989-08-18;156550.44;156550.44;156550.44
1989-08-19;155381.64;155381.64;155381.64
1989-08-20;154454.61;154454.61;154454.61
1989-08-21;153672.14;153672.14;153672.14
1989-08-22;152996.9;152996.9;152996.9
1989-08-23;152430.48;152430.48;152430.48
1989-08-24;151792.39;151792.39;151792.39
1989-08-25;151087.1;151087.1;151087.1
1989-08-26;150202.78;150202.78;150202.78
1989-08-27;149143.19;149143.19;149143.19
1989-08-28;147951.17;147951.17;147951.17
1989-08-29;146674.23;146674.23;146674.23
1989-08-30;145305.84;145305.84;145305.84
1989-08-31;143878.84;143878.84;143878.84
1989-09-01;142422.02;142422.02;142422.02
1989-09-02;140941.33;140941.33;140941.33
1989-09-03;139604.14;139604.14;139604.14
1989-09-04;138458.84;138458.84;138458.84
1989-09-05;137299.56;137299.56;137299.56
1989-09-06;136121.69;136121.69;136121.69
1989-09-07;135143.17;135143.17;135143.17
1989-09-08;134215.39;134215.39;134215.39
1989-09-09;133374.92;133374.92;133374.92
1989-09-10;132641.94;132641.94;132641.94
1989-09-11;132041.28;132041.28;132041.28
1989-09-12;131501.42;131501.42;131501.42
1989-09-13;130601.46;130601.46;130601.46
1989-09-14;129738.07;129738.07;129738.07
1989-09-15;129191.63;129191.63;129191.63
1989-09-16;129011.234;129011.234;129011.234
1989-09-17;128907.0;128907.0;128907.0
1989-09-18;128668.15;128668.15;128668.15
1989-09-19;128281.85;128281.85;128281.85
1989-09-20;127719.75;127719.75;127719.75
1989-09-21;126889.51;126889.51;126889.51
1989-09-22;126122.61;126122.61;126122.61
1989-09-23;125349.14;125349.14;125349.14
1989-09-24;124531.39;124531.39;124531.39
1989-09-25;123725.76;123725.76;123725.76
1989-09-26;123314.89;123314.89;123314.89
1989-09-27;123299.72;123299.72;123299.72
1989-09-28;123177.63;123177.63;123177.63
1989-09-29;123210.66;123210.66;123210.66
1989-09-30;123652.81;123652.81;123652.81
1989-10-01;123692.91;123692.91;123692.91
1989-10-02;123301.19;123301.19;123301.19
1989-10-03;122670.875;122670.875;122670.875
1989-10-04;121772.1;121772.1;121772.1
1989-10-05;120606.65;120606.65;120606.65
1989-10-06;119706.24;119706.24;119706.24
1989-10-07;119275.18;119275.18;119275.18
1989-10-08;118911.61;118911.61;118911.61
1989-10-09;118721.414;118721.414;118721.414
1989-10-10;118683.484;118683.484;118683.484
1989-10-11;118374.58;118374.58;118374.58
1989-10-12;117864.37;117864.37;117864.37
1989-10-13;117182.78;117182.78;117182.78
1989-10-14;116339.05;116339.05;116339.05
1989-10-15;115326.875;115326.875;115326.875
1989-10-16;114568.9;114568.9;114568.9
1989-10-17;114046.9;114046.9;114046.9
1989-10-18;113809.234;113809.234;113809.234
1989-10-19;113531.57;113531.57;113531.57
1989-10-20;113575.36;113575.36;113575.36
1989-10-21;113408.73;113408.73;113408.73
1989-10-22;112802.62;112802.62;112802.62
1989-10-23;112587.734;112587.734;112587.734
1989-10-24;112340.445;112340.445;112340.445
1989-10-25;111909.46;111909.46;111909.46
1989-10-26;111373.98;111373.98;111373.98
1989-10-27;110953.21;110953.21;110953.21
1989-10-28;110809.15;110809.15;110809.15
1989-10-29;110592.67;110592.67;110592.67
1989-10-30;110589.53;110589.53;110589.53
1989-10-31;110784.87;110784.87;110784.87
1989-11-01;111745.99;111745.99;111745.99
1989-11-02;112593.9;112593.9;112593.9
1989-11-03;113028.5;113028.5;113028.5
1989-11-04;113562.0;113562.0;113562.0
1989-11-05;114490.34;114490.34;114490.34
1989-11-06;115841.49;115841.49;115841.49
1989-11-07;117342.64;117342.64;117342.64
1989-11-08;118491.26;118491.26;118491.26
1989-11-09;119774.17;119774.17;119774.17
1989-11-10;120693.52;120693.52;120693.52
1989-11-11;121310.0;121310.0;121310.0
1989-11-12;121942.805;121942.805;121942.805
1989-11-13;122327.54;122327.54;122327.54
1989-11-14;122449.46;122449.46;122449.46
1989-11-15;122554.24;122554.24;122554.24
1989-11-16;122655.68;122655.68;122655.68
1989-11-17;122778.62;122778.62;122778.62
1989-11-18;122859.81;122859.81;122859.81
1989-11-19;122972.68;122972.68;122972.68
1989-11-20;123131.234;123131.234;123131.234
1989-11-21;123269.45;123269.45;123269.45
1989-11-22;123509.164;123509.164;123509.164
1989-11-23;123843.81;123843.81;123843.81
1989-11-24;124281.625;124281.625;124281.625
1989-11-25;124821.21;124821.21;124821.21
1989-11-26;125467.01;125467.01;125467.01
1989-11-27;126268.6;126268.6;126268.6
1989-11-28;127303.16;127303.16;127303.16
1989-11-29;128578.914;128578.914;128578.914
1989-11-30;129927.16;129927.16;129927.16
1989-12-01;131272.66;131272.66;131272.66
1989-12-02;132521.2;132521.2;132521.2
1989-12-03;133607.83;133607.83;133607.83
1989-12-04;134548.16;134548.16;134548.16
1989-12-05;135563.81;135563.81;135563.81
1989-12-06;139279.55;139279.55;139279.55
1989-12-07;141073.48;141073.48;141073.48
1989-12-08;141015.58;141015.58;141015.58
1989-12-09;141312.8;141312.8;141312.8
1989-12-10;143088.38;143088.38;143088.38
1989-12-11;144606.66;144606.66;144606.66
1989-12-12;145209.75;145209.75;145209.75
1989-12-13;146492.94;146492.94;146492.94
1989-12-14;148194.6;148194.6;148194.6
1989-12-15;150075.22;150075.22;150075.22
1989-12-16;152401.23;152401.23;152401.23
1989-12-17;153435.4;153435.4;153435.4
1989-12-18;153453.16;153453.16;153453.16
1989-12-19;154585.3;154585.3;154585.3
1989-12-20;156863.42;156863.42;156863.42
1989-12-21;156707.02;156707.02;156707.02
1989-12-22;154144.17;154144.17;154144.17
1989-12-23;152221.27;152221.27;152221.27
1989-12-24;150965.81;150965.81;150965.81
1989-12-25;150500.4;150500.4;150500.4
1989-12-26;150535.73;150535.73;150535.73
1989-12-27;150867.89;150867.89;150867.89
1989-12-28;151284.55;151284.55;151284.55
1989-12-29;151889.77;151889.77;151889.77
1989-12-30;152022.4;152022.4;152022.4
1989-12-31;151958.31;151958.31;151958.31
1990-01-01;152252.55;152252.55;152252.55
1990-01-02;152816.34;152816.34;152816.34
1990-01-03;153465.16;153465.16;153465.16
1990-01-04;153913.5;153913.5;153913.5
1990-01-05;154269.27;154269.27;154269.27
1990-01-06;155089.75;155089.75;155089.75
1990-01-07;156745.12;156745.12;156745.12
1990-01-08;158820.31;158820.31;158820.31
1990-01-09;160562.16;160562.16;160562.16
1990-01-10;161422.1;161422.1;161422.1
1990-01-11;162842.55;162842.55;162842.55
1990-01-12;163478.06;163478.06;163478.06
1990-01-13;161942.75;161942.75;161942.75
1990-01-14;161215.62;161215.62;161215.62
1990-01-15;161055.94;161055.94;161055.94
1990-01-16;161175.73;161175.73;161175.73
1990-01-17;161379.27;161379.27;161379.27
1990-01-18;161541.12;161541.12;161541.12
1990-01-19;162114.83;162114.83;162114.83
1990-01-20;163655.27;163655.27;163655.27
1990-01-21;166253.38;166253.38;166253.38
1990-01-22;169364.34;169364.34;169364.34
1990-01-23;172031.31;172031.31;172031.31
1990-01-24;173546.19;173546.19;173546.19
1990-01-25;173995.27;173995.27;173995.27
1990-01-26;174118.03;174118.03;174118.03
1990-01-27;174460.7;174460.7;174460.7
1990-01-28;175519.69;175519.69;175519.69
1990-01-29;177630.67;177630.67;177630.67
1990-01-30;180027.08;180027.08;180027.08
1990-01-31;181973.33;181973.33;181973.33
1990-02-01;183866.48;183866.48;183866.48
1990-02-02;184401.02;184401.02;184401.02
1990-02-03;185113.0;185113.0;185113.0
1990-02-04;185478.64;185478.64;185478.64
1990-02-05;184229.52;184229.52;184229.52
1990-02-06;184132.5;184132.5;184132.5
1990-02-07;185457.5;185457.5;185457.5
1990-02-08;188006.27;188006.27;188006.27
1990-02-09;191083.81;191083.81;191083.81
1990-02-10;193868.17;193868.17;193868.17
1990-02-11;195962.88;195962.88;195962.88
1990-02-12;197181.06;197181.06;197181.06
1990-02-13;197895.62;197895.62;197895.62
1990-02-14;198217.34;198217.34;198217.34
1990-02-15;198205.95;198205.95;198205.95
1990-02-16;197954.88;197954.88;197954.88
1990-02-17;197320.16;197320.16;197320.16
1990-02-18;196653.58;196653.58;196653.58
1990-02-19;196479.44;196479.44;196479.44
1990-02-20;196969.0;196969.0;196969.0
1990-02-21;197927.89;197927.89;197927.89
1990-02-22;198893.03;198893.03;198893.03
1990-02-23;199679.77;199679.77;199679.77
1990-02-24;199912.72;199912.72;199912.72
1990-02-25;199408.95;199408.95;199408.95
1990-02-26;198579.55;198579.55;198579.55
1990-02-27;197910.98;197910.98;197910.98
1990-02-28;197709.33;197709.33;197709.33
1990-03-01;197703.73;197703.73;197703.73
1990-03-02;197870.42;197870.42;197870.42
1990-03-03;197897.08;197897.08;197897.08
1990-03-04;198768.22;198768.22;198768.22
1990-03-05;200696.95;200696.95;200696.95
1990-03-06;203912.27;203912.27;203912.27
1990-03-07;208264.56;208264.56;208264.56
1990-03-08;212492.39;212492.39;212492.39
1990-03-09;214572.1;214572.1;214572.1
1990-03-10;214606.03;214606.03;214606.03
1990-03-11;213715.44;213715.44;213715.44
1990-03-12;212784.78;212784.78;212784.78
1990-03-13;212015.48;212015.48;212015.48
1990-03-14;211208.62;211208.62;211208.62
1990-03-15;210387.06;210387.06;210387.06
1990-03-16;209815.11;209815.11;209815.11
1990-03-17;209828.62;209828.62;209828.62
1990-03-18;210311.0;210311.0;210311.0
1990-03-19;211205.88;211205.88;211205.88
1990-03-20;212147.62;212147.62;212147.62
1990-03-21;212826.1;212826.1;212826.1
1990-03-22;213236.05;213236.05;213236.05
1990-03-23;213431.89;213431.89;213431.89
1990-03-24;213473.83;213473.83;213473.83
1990-03-25;213391.34;213391.34;213391.34
1990-03-26;213134.31;213134.31;213134.31
1990-03-27;212674.34;212674.34;212674.34
1990-03-28;212063.0;212063.0;212063.0
1990-03-29;211318.88;211318.88;211318.88
1990-03-30;210386.2;210386.2;210386.2
1990-03-31;209245.2;209245.2;209245.2
1990-04-01;207953.97;207953.97;207953.97
1990-04-02;206591.67;206591.67;206591.67
1990-04-03;205231.28;205231.28;205231.28
1990-04-04;203932.48;203932.48;203932.48
1990-04-05;202848.14;202848.14;202848.14
1990-04-06;202393.27;202393.27;202393.27
1990-04-07;203182.9;203182.9;203182.9
1990-04-08;204661.6;204661.6;204661.6
1990-04-09;205493.77;205493.77;205493.77
1990-04-10;205302.23;205302.23;205302.23
1990-04-11;204429.89;204429.89;204429.89
1990-04-12;203075.66;203075.66;203075.66
1990-04-13;201813.5;201813.5;201813.5
1990-04-14;201331.58;201331.58;201331.58
1990-04-15;201178.95;201178.95;201178.95
1990-04-16;200958.86;200958.86;200958.86
1990-04-17;200658.52;200658.52;200658.52
1990-04-18;200280.22;200280.22;200280.22
1990-04-19;199562.17;199562.17;199562.17
1990-04-20;198347.89;198347.89;198347.89
1990-04-21;197370.5;197370.5;197370.5
1990-04-22;196736.67;196736.67;196736.67
1990-04-23;196314.12;196314.12;196314.12
1990-04-24;195999.95;195999.95;195999.95
1990-04-25;195743.53;195743.53;195743.53
1990-04-26;195588.03;195588.03;195588.03
1990-04-27;195646.6;195646.6;195646.6
1990-04-28;195994.03;195994.03;195994.03
1990-04-29;196575.44;196575.44;196575.44
1990-04-30;197184.53;197184.53;197184.53
1990-05-01;197704.77;197704.77;197704.77
1990-05-02;198119.7;198119.7;198119.7
1990-05-03;198430.95;198430.95;198430.95
1990-05-04;198654.94;198654.94;198654.94
1990-05-05;198785.56;198785.56;198785.56
1990-05-06;198834.38;198834.38;198834.38
1990-05-07;198818.5;198818.5;198818.5
1990-05-08;198662.8;198662.8;198662.8
1990-05-09;198282.75;198282.75;198282.75
1990-05-10;198005.48;198005.48;198005.48
1990-05-11;197912.47;197912.47;197912.47
1990-05-12;197973.39;197973.39;197973.39
1990-05-13;198152.16;198152.16;198152.16
1990-05-14;198388.08;198388.08;198388.08
1990-05-15;198584.05;198584.05;198584.05
1990-05-16;198803.11;198803.11;198803.11
1990-05-17;199074.14;199074.14;199074.14
1990-05-18;199398.02;199398.02;199398.02
1990-05-19;199778.98;199778.98;199778.98
1990-05-20;200243.27;200243.27;200243.27
1990-05-21;202126.66;202126.66;202126.66
1990-05-22;205519.19;205519.19;205519.19
1990-05-23;205780.5;205780.5;205780.5
1990-05-24;205876.78;205876.78;205876.78
1990-05-25;206206.67;206206.67;206206.67
1990-05-26;206781.81;206781.81;206781.81
1990-05-27;207733.22;207733.22;207733.22
1990-05-28;209512.61;209512.61;209512.61
1990-05-29;212006.06;212006.06;212006.06
1990-05-30;214165.1;214165.1;214165.1
1990-05-31;215133.62;215133.62;215133.62
1990-06-01;214868.89;214868.89;214868.89
1990-06-02;213743.77;213743.77;213743.77
1990-06-03;211766.55;211766.55;211766.55
1990-06-04;209165.58;209165.58;209165.58
1990-06-05;206747.73;206747.73;206747.73
1990-06-06;205047.42;205047.42;205047.42
1990-06-07;204576.38;204576.38;204576.38
1990-06-08;204379.17;204379.17;204379.17
1990-06-09;204106.53;204106.53;204106.53
1990-06-10;203772.84;203772.84;203772.84
1990-06-11;203407.9;203407.9;203407.9
1990-06-12;202826.92;202826.92;202826.92
1990-06-13;201999.86;201999.86;201999.86
1990-06-14;201507.39;201507.39;201507.39
1990-06-15;201189.62;201189.62;201189.62
1990-06-16;200722.14;200722.14;200722.14
1990-06-17;200164.05;200164.05;200164.05
1990-06-18;199700.27;199700.27;199700.27
1990-06-19;199341.06;199341.06;199341.06
1990-06-20;198981.05;198981.05;198981.05
1990-06-21;198523.78;198523.78;198523.78
1990-06-22;197954.3;197954.3;197954.3
1990-06-23;197319.58;197319.58;197319.58
1990-06-24;196694.8;196694.8;196694.8
1990-06-25;196143.0;196143.0;196143.0
1990-06-26;195677.36;195677.36;195677.36
1990-06-27;195225.75;195225.75;195225.75
1990-06-28;194650.23;194650.23;194650.23
1990-06-29;193837.69;193837.69;193837.69
1990-06-30;192784.06;192784.06;192784.06
1990-07-01;191546.97;191546.97;191546.97
1990-07-02;190313.3;190313.3;190313.3
1990-07-03;189101.38;189101.38;189101.38
1990-07-04;187975.22;187975.22;187975.22
1990-07-05;187070.27;187070.27;187070.27
1990-07-06;186593.58;186593.58;186593.58
1990-07-07;186443.58;186443.58;186443.58
1990-07-08;186380.92;186380.92;186380.92
1990-07-09;186225.47;186225.47;186225.47
1990-07-10;185847.69;185847.69;185847.69
1990-07-11;185253.02;185253.02;185253.02
1990-07-12;184505.6;184505.6;184505.6
1990-07-13;183713.2;183713.2;183713.2
1990-07-14;182887.31;182887.31;182887.31
1990-07-15;178785.0;178785.0;178785.0
1990-07-16;177406.75;177406.75;177406.75
1990-07-17;176887.81;176887.81;176887.81
1990-07-18;176427.88;176427.88;176427.88
1990-07-19;175982.2;175982.2;175982.2
1990-07-20;175375.14;175375.14;175375.14
1990-07-21;174705.77;174705.77;174705.77
1990-07-22;174050.81;174050.81;174050.81
1990-07-23;173838.12;173838.12;173838.12
1990-07-24;173454.14;173454.14;173454.14
1990-07-25;172812.3;172812.3;172812.3
1990-07-26;172119.45;172119.45;172119.45
1990-07-27;170970.67;170970.67;170970.67
1990-07-28;169815.77;169815.77;169815.77
1990-07-29;168572.66;168572.66;168572.66
1990-07-30;167797.05;167797.05;167797.05
1990-07-31;167330.62;167330.62;167330.62
1990-08-01;166262.94;166262.94;166262.94
1990-08-02;164769.06;164769.06;164769.06
1990-08-03;163433.06;163433.06;163433.06
1990-08-04;162273.7;162273.7;162273.7
1990-08-05;161178.55;161178.55;161178.55
1990-08-06;160025.0;160025.0;160025.0
1990-08-07;158801.55;158801.55;158801.55
1990-08-08;157519.6;157519.6;157519.6
1990-08-09;156187.06;156187.06;156187.06
1990-08-10;154924.33;154924.33;154924.33
1990-08-11;153786.98;153786.98;153786.98
1990-08-12;152837.53;152837.53;152837.53
1990-08-13;152063.23;152063.23;152063.23
1990-08-14;151449.95;151449.95;151449.95
1990-08-15;150742.66;150742.66;150742.66
1990-08-16;149734.77;149734.77;149734.77
1990-08-17;148488.14;148488.14;148488.14
1990-08-18;147123.16;147123.16;147123.16
1990-08-19;145739.78;145739.78;145739.78
1990-08-20;144381.77;144381.77;144381.77
1990-08-21;143046.02;143046.02;143046.02
1990-08-22;141715.1;141715.1;141715.1
1990-08-23;140486.97;140486.97;140486.97
1990-08-24;139441.58;139441.58;139441.58
1990-08-25;138490.22;138490.22;138490.22
1990-08-26;137569.6;137569.6;137569.6
1990-08-27;136694.73;136694.73;136694.73
1990-08-28;135641.94;135641.94;135641.94
1990-08-29;134362.9;134362.9;134362.9
1990-08-30;133043.8;133043.8;133043.8
1990-08-31;131842.14;131842.14;131842.14
1990-09-01;130883.625;130883.625;130883.625
1990-09-02;129937.625;129937.625;129937.625
1990-09-03;128811.78;128811.78;128811.78
1990-09-04;127361.99;127361.99;127361.99
1990-09-05;126137.38;126137.38;126137.38
1990-09-06;125091.734;125091.734;125091.734
1990-09-07;123960.305;123960.305;123960.305
1990-09-08;122704.59;122704.59;122704.59
1990-09-09;121547.164;121547.164;121547.164
1990-09-10;120450.71;120450.71;120450.71
1990-09-11;119385.6;119385.6;119385.6
1990-09-12;118412.75;118412.75;118412.75
1990-09-13;117514.16;117514.16;117514.16
1990-09-14;116750.0;116750.0;116750.0
1990-09-15;116265.17;116265.17;116265.17
1990-09-16;115655.31;115655.31;115655.31
1990-09-17;114895.195;114895.195;114895.195
1990-09-18;114162.59;114162.59;114162.59
1990-09-19;113433.51;113433.51;113433.51
1990-09-20;112690.0;112690.0;112690.0
1990-09-21;112070.91;112070.91;112070.91
1990-09-22;111602.016;111602.016;111602.016
1990-09-23;111189.31;111189.31;111189.31
1990-09-24;110976.875;110976.875;110976.875
1990-09-25;110939.53;110939.53;110939.53
1990-09-26;110759.84;110759.84;110759.84
1990-09-27;110356.43;110356.43;110356.43
1990-09-28;109908.74;109908.74;109908.74
1990-09-29;109445.83;109445.83;109445.83
1990-09-30;109011.555;109011.555;109011.555
1990-10-01;108361.195;108361.195;108361.195
1990-10-02;107831.52;107831.52;107831.52
1990-10-03;107490.77;107490.77;107490.77
1990-10-04;107359.375;107359.375;107359.375
1990-10-05;107377.07;107377.07;107377.07
1990-10-06;107413.07;107413.07;107413.07
1990-10-07;107402.37;107402.37;107402.37
1990-10-08;107271.79;107271.79;107271.79
1990-10-09;107120.76;107120.76;107120.76
1990-10-10;106967.31;106967.31;106967.31
1990-10-11;106899.21;106899.21;106899.21
1990-10-12;106940.016;106940.016;106940.016
1990-10-13;106978.55;106978.55;106978.55
1990-10-14;107004.445;107004.445;107004.445
1990-10-15;107057.49;107057.49;107057.49
1990-10-16;107248.73;107248.73;107248.73
1990-10-17;107591.61;107591.61;107591.61
1990-10-18;107824.76;107824.76;107824.76
1990-10-19;107732.53;107732.53;107732.53
1990-10-20;107532.91;107532.91;107532.91
1990-10-21;107169.305;107169.305;107169.305
1990-10-22;106667.79;106667.79;106667.79
1990-10-23;106201.58;106201.58;106201.58
1990-10-24;105932.68;105932.68;105932.68
1990-10-25;105704.09;105704.09;105704.09
1990-10-26;105395.07;105395.07;105395.07
1990-10-27;104985.836;104985.836;104985.836
1990-10-28;104492.21;104492.21;104492.21
1990-10-29;103909.31;103909.31;103909.31
1990-10-30;103427.42;103427.42;103427.42
1990-10-31;103164.5;103164.5;103164.5
1990-11-01;103145.67;103145.67;103145.67
1990-11-02;103111.49;103111.49;103111.49
1990-11-03;102941.19;102941.19;102941.19
1990-11-04;102642.82;102642.82;102642.82
1990-11-05;102200.65;102200.65;102200.65
1990-11-06;101764.77;101764.77;101764.77
1990-11-07;101493.59;101493.59;101493.59
1990-11-08;101459.05;101459.05;101459.05
1990-11-09;101579.76;101579.76;101579.76
1990-11-10;101747.33;101747.33;101747.33
1990-11-11;102164.61;102164.61;102164.61
1990-11-12;102513.195;102513.195;102513.195
1990-11-13;102790.09;102790.09;102790.09
1990-11-14;103151.836;103151.836;103151.836
1990-11-15;103755.305;103755.305;103755.305
1990-11-16;104695.766;104695.766;104695.766
1990-11-17;105876.41;105876.41;105876.41
1990-11-18;107203.02;107203.02;107203.02
1990-11-19;108438.53;108438.53;108438.53
1990-11-20;109241.67;109241.67;109241.67
1990-11-21;109527.7;109527.7;109527.7
1990-11-22;109653.5;109653.5;109653.5
1990-11-23;109684.445;109684.445;109684.445
1990-11-24;109735.35;109735.35;109735.35
1990-11-25;109812.695;109812.695;109812.695
1990-11-26;109892.15;109892.15;109892.15
1990-11-27;109957.77;109957.77;109957.77
1990-11-28;110024.3;110024.3;110024.3
1990-11-29;110095.77;110095.77;110095.77
1990-11-30;110155.64;110155.64;110155.64
1990-12-01;110216.33;110216.33;110216.33
1990-12-02;110284.375;110284.375;110284.375
1990-12-03;110376.484;110376.484;110376.484
1990-12-04;110576.13;110576.13;110576.13
1990-12-05;110896.414;110896.414;110896.414
1990-12-06;111267.47;111267.47;111267.47
1990-12-07;111681.76;111681.76;111681.76
1990-12-08;112188.8;112188.8;112188.8
1990-12-09;112804.63;112804.63;112804.63
1990-12-10;113517.41;113517.41;113517.41
1990-12-11;114340.125;114340.125;114340.125
1990-12-12;115280.28;115280.28;115280.28
1990-12-13;116347.57;116347.57;116347.57
1990-12-14;117556.586;117556.586;117556.586
1990-12-15;118885.016;118885.016;118885.016
1990-12-16;120323.01;120323.01;120323.01
1990-12-17;123866.36;123866.36;123866.36
1990-12-18;128238.9;128238.9;128238.9
1990-12-19;130007.27;130007.27;130007.27
1990-12-20;131165.38;131165.38;131165.38
1990-12-21;131992.9;131992.9;131992.9
1990-12-22;132568.92;132568.92;132568.92
1990-12-23;133256.58;133256.58;133256.58
1990-12-24;134173.58;134173.58;134173.58
1990-12-25;135468.05;135468.05;135468.05
1990-12-26;137058.38;137058.38;137058.38
1990-12-27;138825.94;138825.94;138825.94
1990-12-28;140583.14;140583.14;140583.14
1990-12-29;141956.53;141956.53;141956.53
1990-12-30;143037.42;143037.42;143037.42
1990-12-31;144143.2;144143.2;144143.2
